mentions,,,non-mentions,,,,,,,,,,,,,,,
' : '',1,3.69E-05,' : CC,1,3.90E-06,,,,,,,,,,,,,
' : :,1,3.69E-05,' : NNP,1,3.90E-06,,,,,,,,,,,,,
' : CD,1,3.69E-05,' : VBG,1,3.90E-06,,,,,,,,,,,,,
' : POS,1,3.69E-05,' : VBN,1,3.90E-06,,,,,,,,,,,,,
$ : JJ,1,3.69E-05,$ : $,2,7.79E-06,,,,,,,,,,,,,
$ : NN,2,7.38E-05,$ : CC,1,3.90E-06,,,,,,,,,,,,,
$ : NNP,3,0.000110734,$ : CD,4,1.56E-05,,,,,,,,,,,,,
( : ),54,0.001993208,$ : IN,2,7.79E-06,,,,,,,,,,,,,
"( : ,",31,0.001144249,$ : JJ,1,3.90E-06,,,,,,,,,,,,,
( : .,1,3.69E-05,$ : JJS,1,3.90E-06,,,,,,,,,,,,,
( : :,153,0.005647424,$ : NN,2,7.79E-06,,,,,,,,,,,,,
( : CC,10,0.000369113,$ : NNP,31,0.000120751,,,,,,,,,,,,,
( : CD,5,0.000184556,$ : NONE,2,7.79E-06,,,,,,,,,,,,,
( : IN,13,0.000479846,$ : PRP,1,3.90E-06,,,,,,,,,,,,,
( : NN,14,0.000516758,$ : VBD,4,1.56E-05,,,,,,,,,,,,,
( : NNP,52,0.001919386,$ : VBN,1,3.90E-06,,,,,,,,,,,,,
( : RB,1,3.69E-05,$ : VBZ,2,7.79E-06,,,,,,,,,,,,,
( : TO,2,7.38E-05,( : $,4,1.56E-05,,,,,,,,,,,,,
( : VBD,2,7.38E-05,( : ),16,6.23E-05,,,,,,,,,,,,,
( : VBN,1,3.69E-05,"( : ,",6,2.34E-05,,,,,,,,,,,,,
( : VBP,5,0.000184556,( : :,22,8.57E-05,,,,,,,,,,,,,
( : VBZ,9,0.000332201,( : CC,7,2.73E-05,,,,,,,,,,,,,
") : ,",1,3.69E-05,( : CD,5,1.95E-05,,,,,,,,,,,,,
) : VBN,1,3.69E-05,( : DT,2,7.79E-06,,,,,,,,,,,,,
", : (",1,3.69E-05,( : IN,1,3.90E-06,,,,,,,,,,,,,
", : )",21,0.000775137,( : JJ,1,3.90E-06,,,,,,,,,,,,,
", : ,",1030,0.038018603,( : MD,1,3.90E-06,,,,,,,,,,,,,
", : .",350,0.012918943,( : NN,12,4.67E-05,,,,,,,,,,,,,
", : :",19,0.000701314,( : NNP,15,5.84E-05,,,,,,,,,,,,,
", : CC",251,0.009264728,( : NNS,1,3.90E-06,,,,,,,,,,,,,
", : DT",2,7.38E-05,( : RB,8,3.12E-05,,,,,,,,,,,,,
", : IN",44,0.001624096,( : VB,1,3.90E-06,,,,,,,,,,,,,
", : JJ",3,0.000110734,( : VBD,13,5.06E-05,,,,,,,,,,,,,
", : NN",12,0.000442935,( : VBN,10,3.90E-05,,,,,,,,,,,,,
", : NNP",48,0.001771741,( : VBP,1,3.90E-06,,,,,,,,,,,,,
", : NONE",2,7.38E-05,( : VBZ,23,8.96E-05,,,,,,,,,,,,,
", : POS",6,0.000221468,) : $,3,1.17E-05,,,,,,,,,,,,,
", : RB",3,0.000110734,) : (,1,3.90E-06,,,,,,,,,,,,,
", : TO",3,0.000110734,) : CC,3,1.17E-05,,,,,,,,,,,,,
", : VBD",13,0.000479846,) : CD,34,0.000132436,,,,,,,,,,,,,
", : VBG",3,0.000110734,) : DT,303,0.001180242,,,,,,,,,,,,,
", : VBN",1,3.69E-05,) : IN,18,7.01E-05,,,,,,,,,,,,,
", : VBP",4,0.000147645,) : JJ,8,3.12E-05,,,,,,,,,,,,,
", : VBZ",8,0.00029529,) : JJS,1,3.90E-06,,,,,,,,,,,,,
", : WDT",2,7.38E-05,) : NN,6,2.34E-05,,,,,,,,,,,,,
", : WP",1,3.69E-05,) : NNP,60,0.000233711,,,,,,,,,,,,,
", : WP$",1,3.69E-05,) : NNPS,1,3.90E-06,,,,,,,,,,,,,
". : ,",9,0.000332201,) : NNS,1,3.90E-06,,,,,,,,,,,,,
. : CC,6,0.000221468,) : NONE,2,7.79E-06,,,,,,,,,,,,,
. : IN,2,7.38E-05,) : PRP,1,3.90E-06,,,,,,,,,,,,,
. : JJ,1,3.69E-05,) : PRP$,4,1.56E-05,,,,,,,,,,,,,
. : NN,3,0.000110734,) : RB,3,1.17E-05,,,,,,,,,,,,,
. : NNP,3,0.000110734,) : RBR,1,3.90E-06,,,,,,,,,,,,,
. : NNS,2,7.38E-05,) : TO,3,1.17E-05,,,,,,,,,,,,,
. : POS,2,7.38E-05,) : VB,7,2.73E-05,,,,,,,,,,,,,
. : RB,3,0.000110734,) : VBD,5,1.95E-05,,,,,,,,,,,,,
. : VBD,15,0.000553669,) : VBG,7,2.73E-05,,,,,,,,,,,,,
. : VBG,1,3.69E-05,) : VBN,6,2.34E-05,,,,,,,,,,,,,
. : VBZ,20,0.000738225,) : VBP,3,1.17E-05,,,,,,,,,,,,,
: : ),2,7.38E-05,) : VBZ,1,3.90E-06,,,,,,,,,,,,,
": : ,",18,0.000664403,) : WDT,2,7.79E-06,,,,,,,,,,,,,
: : :,78,0.002879079,) : WP,2,7.79E-06,,,,,,,,,,,,,
: : CC,6,0.000221468,", : $",1,3.90E-06,,,,,,,,,,,,,
: : JJ,5,0.000184556,", : (",35,0.000136332,,,,,,,,,,,,,
: : MD,2,7.38E-05,", : )",12,4.67E-05,,,,,,,,,,,,,
: : NN,14,0.000516758,", : ,",12,4.67E-05,,,,,,,,,,,,,
: : NNP,3,0.000110734,", : .",2,7.79E-06,,,,,,,,,,,,,
: : NNS,1,3.69E-05,", : :",7,2.73E-05,,,,,,,,,,,,,
: : NONE,2,7.38E-05,", : CC",110,0.000428471,,,,,,,,,,,,,
: : POS,1,3.69E-05,", : CD",108,0.00042068,,,,,,,,,,,,,
: : RB,1,3.69E-05,", : DT",591,0.002302056,,,,,,,,,,,,,
: : VBD,1,3.69E-05,", : EX",1,3.90E-06,,,,,,,,,,,,,
: : VBP,2,7.38E-05,", : FW",5,1.95E-05,,,,,,,,,,,,,
: : VBZ,4,0.000147645,", : IN",654,0.002547453,,,,,,,,,,,,,
CC : (,7,0.000258379,", : JJ",263,0.001024435,,,,,,,,,,,,,
CC : ),10,0.000369113,", : JJR",6,2.34E-05,,,,,,,,,,,,,
"CC : ,",314,0.011590137,", : JJS",24,9.35E-05,,,,,,,,,,,,,
CC : .,576,0.021260889,", : MD",7,2.73E-05,,,,,,,,,,,,,
CC : :,26,0.000959693,", : NN",472,0.001838529,,,,,,,,,,,,,
CC : CC,58,0.002140853,", : NNP",950,0.003700429,,,,,,,,,,,,,
CC : CD,2,7.38E-05,", : NNPS",6,2.34E-05,,,,,,,,,,,,,
CC : DT,5,0.000184556,", : NNS",66,0.000257082,,,,,,,,,,,,,
CC : IN,233,0.008600325,", : NONE",19,7.40E-05,,,,,,,,,,,,,
CC : JJ,6,0.000221468,", : PRP",133,0.00051806,,,,,,,,,,,,,
CC : MD,2,7.38E-05,", : PRP$",86,0.000334986,,,,,,,,,,,,,
CC : NN,95,0.00350657,", : RB",165,0.000642706,,,,,,,,,,,,,
CC : NNP,133,0.004909198,", : RBS",6,2.34E-05,,,,,,,,,,,,,
CC : NNPS,4,0.000147645,", : RP",3,1.17E-05,,,,,,,,,,,,,
CC : NNS,85,0.003137458,", : TO",50,0.000194759,,,,,,,,,,,,,
CC : POS,18,0.000664403,", : VB",14,5.45E-05,,,,,,,,,,,,,
CC : PRP,3,0.000110734,", : VBD",497,0.001935909,,,,,,,,,,,,,
CC : PRP$,1,3.69E-05,", : VBG",38,0.000148017,,,,,,,,,,,,,
CC : RB,2,7.38E-05,", : VBN",119,0.000463527,,,,,,,,,,,,,
CC : RBS,1,3.69E-05,", : VBP",26,0.000101275,,,,,,,,,,,,,
CC : TO,30,0.001107338,", : VBZ",229,0.000891998,,,,,,,,,,,,,
CC : VB,3,0.000110734,", : WDT",30,0.000116856,,,,,,,,,,,,,
CC : VBD,58,0.002140853,", : WP",22,8.57E-05,,,,,,,,,,,,,
CC : VBG,5,0.000184556,", : WP$",2,7.79E-06,,,,,,,,,,,,,
CC : VBN,2,7.38E-05,", : WRB",3,1.17E-05,,,,,,,,,,,,,
CC : VBP,70,0.002583789,. : .,1,3.90E-06,,,,,,,,,,,,,
CC : VBZ,7,0.000258379,. : CC,21,8.18E-05,,,,,,,,,,,,,
CC : WDT,9,0.000332201,. : CD,98,0.000381728,,,,,,,,,,,,,
CC : WP,6,0.000221468,. : DT,163,0.000634916,,,,,,,,,,,,,
CD : $,2,7.38E-05,. : EX,5,1.95E-05,,,,,,,,,,,,,
CD : (,1,3.69E-05,. : IN,168,0.000654392,,,,,,,,,,,,,
CD : ),5,0.000184556,. : JJ,309,0.001203613,,,,,,,,,,,,,
"CD : ,",56,0.002067031,. : JJR,4,1.56E-05,,,,,,,,,,,,,
CD : .,34,0.001254983,. : JJS,9,3.51E-05,,,,,,,,,,,,,
CD : :,9,0.000332201,. : MD,8,3.12E-05,,,,,,,,,,,,,
CD : CC,26,0.000959693,. : NN,645,0.002512396,,,,,,,,,,,,,
CD : CD,5,0.000184556,. : NNP,201,0.000782933,,,,,,,,,,,,,
CD : DT,1,3.69E-05,. : NNPS,8,3.12E-05,,,,,,,,,,,,,
CD : IN,53,0.001956297,. : NNS,132,0.000514165,,,,,,,,,,,,,
CD : JJ,12,0.000442935,. : NONE,4,1.56E-05,,,,,,,,,,,,,
CD : NN,51,0.001882475,. : PRP,27,0.00010517,,,,,,,,,,,,,
CD : NNP,38,0.001402628,. : PRP$,41,0.000159703,,,,,,,,,,,,,
CD : NNPS,1,3.69E-05,. : RB,52,0.00020255,,,,,,,,,,,,,
CD : NNS,22,0.000812048,. : RBR,1,3.90E-06,,,,,,,,,,,,,
CD : POS,2,7.38E-05,. : RBS,1,3.90E-06,,,,,,,,,,,,,
CD : TO,2,7.38E-05,. : TO,42,0.000163598,,,,,,,,,,,,,
CD : VBD,33,0.001218072,. : VB,2,7.79E-06,,,,,,,,,,,,,
CD : VBG,1,3.69E-05,. : VBD,630,0.002453969,,,,,,,,,,,,,
CD : VBN,5,0.000184556,. : VBG,14,5.45E-05,,,,,,,,,,,,,
CD : VBP,2,7.38E-05,. : VBN,14,5.45E-05,,,,,,,,,,,,,
CD : VBZ,6,0.000221468,. : VBP,45,0.000175283,,,,,,,,,,,,,
CD : WDT,3,0.000110734,. : VBZ,653,0.002543558,,,,,,,,,,,,,
CD : WP,3,0.000110734,. : WRB,1,3.90E-06,,,,,,,,,,,,,
DT : $,1,3.69E-05,: : $,2,7.79E-06,,,,,,,,,,,,,
DT : (,17,0.000627492,: : (,1,3.90E-06,,,,,,,,,,,,,
DT : ),12,0.000442935,: : ),24,9.35E-05,,,,,,,,,,,,,
"DT : ,",931,0.034364388,": : ,",8,3.12E-05,,,,,,,,,,,,,
DT : .,1166,0.043038535,: : :,69,0.000268768,,,,,,,,,,,,,
DT : :,49,0.001808652,: : CC,13,5.06E-05,,,,,,,,,,,,,
DT : CC,479,0.017680496,: : CD,43,0.000167493,,,,,,,,,,,,,
DT : CD,14,0.000516758,: : DT,24,9.35E-05,,,,,,,,,,,,,
DT : DT,10,0.000369113,: : EX,4,1.56E-05,,,,,,,,,,,,,
DT : IN,1456,0.053742802,: : FW,3,1.17E-05,,,,,,,,,,,,,
DT : JJ,141,0.005204488,: : IN,47,0.000183074,,,,,,,,,,,,,
DT : MD,10,0.000369113,: : JJ,25,9.74E-05,,,,,,,,,,,,,
DT : NN,1125,0.041525173,: : JJS,2,7.79E-06,,,,,,,,,,,,,
DT : NNP,394,0.014543039,: : MD,3,1.17E-05,,,,,,,,,,,,,
DT : NNS,57,0.002103942,: : NN,87,0.000338881,,,,,,,,,,,,,
DT : NONE,1,3.69E-05,: : NNP,161,0.000627125,,,,,,,,,,,,,
DT : POS,32,0.00118116,: : NNPS,1,3.90E-06,,,,,,,,,,,,,
DT : PRP,11,0.000406024,: : NNS,11,4.28E-05,,,,,,,,,,,,,
DT : RB,26,0.000959693,: : NONE,5,1.95E-05,,,,,,,,,,,,,
DT : RP,1,3.69E-05,: : PDT,1,3.90E-06,,,,,,,,,,,,,
DT : TO,59,0.002177765,: : PRP,4,1.56E-05,,,,,,,,,,,,,
DT : VB,5,0.000184556,: : PRP$,7,2.73E-05,,,,,,,,,,,,,
DT : VBD,146,0.005389045,: : RB,19,7.40E-05,,,,,,,,,,,,,
DT : VBG,27,0.000996604,: : TO,2,7.79E-06,,,,,,,,,,,,,
DT : VBN,92,0.003395836,: : VB,8,3.12E-05,,,,,,,,,,,,,
DT : VBP,31,0.001144249,: : VBD,52,0.00020255,,,,,,,,,,,,,
DT : VBZ,55,0.00203012,: : VBG,1,3.90E-06,,,,,,,,,,,,,
DT : WDT,57,0.002103942,: : VBN,6,2.34E-05,,,,,,,,,,,,,
DT : WP,39,0.001439539,: : VBP,14,5.45E-05,,,,,,,,,,,,,
DT : WP$,1,3.69E-05,: : VBZ,69,0.000268768,,,,,,,,,,,,,
DT : WRB,11,0.000406024,: : WP,2,7.79E-06,,,,,,,,,,,,,
FW : ),2,7.38E-05,CC : $,3,1.17E-05,,,,,,,,,,,,,
"FW : ,",1,3.69E-05,CC : (,23,8.96E-05,,,,,,,,,,,,,
FW : CC,1,3.69E-05,CC : ),17,6.62E-05,,,,,,,,,,,,,
FW : FW,1,3.69E-05,"CC : ,",7,2.73E-05,,,,,,,,,,,,,
FW : NN,2,7.38E-05,CC : .,2,7.79E-06,,,,,,,,,,,,,
FW : NNP,1,3.69E-05,CC : :,9,3.51E-05,,,,,,,,,,,,,
IN : $,1,3.69E-05,CC : CC,140,0.000545326,,,,,,,,,,,,,
IN : (,18,0.000664403,CC : CD,160,0.00062323,,,,,,,,,,,,,
IN : ),42,0.001550273,CC : DT,642,0.002500711,,,,,,,,,,,,,
"IN : ,",2502,0.092351986,CC : EX,8,3.12E-05,,,,,,,,,,,,,
IN : .,1797,0.066329544,CC : FW,4,1.56E-05,,,,,,,,,,,,,
IN : :,68,0.002509966,CC : IN,1248,0.004861195,,,,,,,,,,,,,
IN : CC,984,0.036320685,CC : JJ,676,0.002633147,,,,,,,,,,,,,
IN : CD,10,0.000369113,CC : JJR,26,0.000101275,,,,,,,,,,,,,
IN : DT,17,0.000627492,CC : JJS,37,0.000144122,,,,,,,,,,,,,
IN : FW,6,0.000221468,CC : MD,27,0.00010517,,,,,,,,,,,,,
IN : IN,991,0.036579064,CC : NN,1473,0.005737612,,,,,,,,,,,,,
IN : JJ,28,0.001033515,CC : NNP,1564,0.006092074,,,,,,,,,,,,,
IN : JJS,1,3.69E-05,CC : NNPS,21,8.18E-05,,,,,,,,,,,,,
IN : MD,6,0.000221468,CC : NNS,387,0.001507438,,,,,,,,,,,,,
IN : NN,246,0.009080171,CC : NONE,157,0.000611545,,,,,,,,,,,,,
IN : NNP,371,0.013694079,CC : PRP,229,0.000891998,,,,,,,,,,,,,
IN : NNS,38,0.001402628,CC : PRP$,97,0.000377833,,,,,,,,,,,,,
IN : NONE,2,7.38E-05,CC : RB,261,0.001016644,,,,,,,,,,,,,
IN : POS,191,0.007050052,CC : RBR,2,7.79E-06,,,,,,,,,,,,,
IN : PRP,12,0.000442935,CC : RBS,35,0.000136332,,,,,,,,,,,,,
IN : RB,28,0.001033515,CC : RP,17,6.62E-05,,,,,,,,,,,,,
IN : RBR,1,3.69E-05,CC : TO,121,0.000471318,,,,,,,,,,,,,
IN : TO,98,0.003617304,CC : VB,60,0.000233711,,,,,,,,,,,,,
IN : VB,1,3.69E-05,CC : VBD,327,0.001273727,,,,,,,,,,,,,
IN : VBD,114,0.004207884,CC : VBG,79,0.00030772,,,,,,,,,,,,,
IN : VBG,20,0.000738225,CC : VBN,308,0.001199718,,,,,,,,,,,,,
IN : VBN,24,0.00088587,CC : VBP,127,0.000494689,,,,,,,,,,,,,
IN : VBP,26,0.000959693,CC : VBZ,143,0.000557012,,,,,,,,,,,,,
IN : VBZ,33,0.001218072,CC : WDT,14,5.45E-05,,,,,,,,,,,,,
IN : WDT,39,0.001439539,CC : WP,53,0.000206445,,,,,,,,,,,,,
IN : WP,23,0.000848959,CC : WP$,6,2.34E-05,,,,,,,,,,,,,
IN : WP$,4,0.000147645,CC : WRB,7,2.73E-05,,,,,,,,,,,,,
IN : WRB,9,0.000332201,CD : '',1,3.90E-06,,,,,,,,,,,,,
JJ : (,3,0.000110734,CD : $,2,7.79E-06,,,,,,,,,,,,,
JJ : ),14,0.000516758,CD : (,7,2.73E-05,,,,,,,,,,,,,
"JJ : ,",276,0.010187509,CD : ),1,3.90E-06,,,,,,,,,,,,,
JJ : .,292,0.010778089,"CD : ,",3,1.17E-05,,,,,,,,,,,,,
JJ : :,31,0.001144249,CD : .,1,3.90E-06,,,,,,,,,,,,,
JJ : CC,122,0.004503174,CD : :,8,3.12E-05,,,,,,,,,,,,,
JJ : CD,1,3.69E-05,CD : CC,184,0.000716715,,,,,,,,,,,,,
JJ : DT,2,7.38E-05,CD : CD,2644,0.010298878,,,,,,,,,,,,,
JJ : IN,262,0.009670752,CD : DT,2233,0.008697955,,,,,,,,,,,,,
JJ : JJ,22,0.000812048,CD : EX,4,1.56E-05,,,,,,,,,,,,,
JJ : JJS,1,3.69E-05,CD : FW,8,3.12E-05,,,,,,,,,,,,,
JJ : MD,5,0.000184556,CD : IN,968,0.003770542,,,,,,,,,,,,,
JJ : NN,396,0.014616861,CD : JJ,341,0.001328259,,,,,,,,,,,,,
JJ : NNP,242,0.008932526,CD : JJR,26,0.000101275,,,,,,,,,,,,,
JJ : NNS,29,0.001070427,CD : JJS,14,5.45E-05,,,,,,,,,,,,,
JJ : POS,11,0.000406024,CD : MD,5,1.95E-05,,,,,,,,,,,,,
JJ : PRP,1,3.69E-05,CD : NN,736,0.002866859,,,,,,,,,,,,,
JJ : PRP$,1,3.69E-05,CD : NNP,1478,0.005757088,,,,,,,,,,,,,
JJ : RB,5,0.000184556,CD : NNPS,16,6.23E-05,,,,,,,,,,,,,
JJ : TO,24,0.00088587,CD : NNS,329,0.001281517,,,,,,,,,,,,,
JJ : VBD,54,0.001993208,CD : NONE,248,0.000966007,,,,,,,,,,,,,
JJ : VBG,10,0.000369113,CD : PRP,214,0.00083357,,,,,,,,,,,,,
JJ : VBN,26,0.000959693,CD : PRP$,217,0.000845256,,,,,,,,,,,,,
JJ : VBP,14,0.000516758,CD : RB,245,0.000954321,,,,,,,,,,,,,
JJ : VBZ,17,0.000627492,CD : RBR,2,7.79E-06,,,,,,,,,,,,,
JJ : WDT,12,0.000442935,CD : RBS,5,1.95E-05,,,,,,,,,,,,,
JJ : WP,24,0.00088587,CD : RP,1,3.90E-06,,,,,,,,,,,,,
JJ : WP$,2,7.38E-05,CD : TO,103,0.000401204,,,,,,,,,,,,,
"JJR : ,",2,7.38E-05,CD : VB,42,0.000163598,,,,,,,,,,,,,
JJR : .,3,0.000110734,CD : VBD,941,0.003665372,,,,,,,,,,,,,
JJR : FW,1,3.69E-05,CD : VBG,116,0.000451842,,,,,,,,,,,,,
JJR : IN,6,0.000221468,CD : VBN,219,0.000853046,,,,,,,,,,,,,
JJR : NN,3,0.000110734,CD : VBP,75,0.000292139,,,,,,,,,,,,,
JJR : NNS,1,3.69E-05,CD : VBZ,350,0.001363316,,,,,,,,,,,,,
JJR : VBZ,1,3.69E-05,CD : WDT,38,0.000148017,,,,,,,,,,,,,
"JJS : ,",1,3.69E-05,CD : WP,15,5.84E-05,,,,,,,,,,,,,
JJS : .,3,0.000110734,CD : WP$,1,3.90E-06,,,,,,,,,,,,,
JJS : CC,1,3.69E-05,CD : WRB,17,6.62E-05,,,,,,,,,,,,,
JJS : IN,9,0.000332201,DT : (,30,0.000116856,,,,,,,,,,,,,
JJS : NN,5,0.000184556,DT : ),1,3.90E-06,,,,,,,,,,,,,
JJS : VBN,1,3.69E-05,"DT : ,",5,1.95E-05,,,,,,,,,,,,,
MD : IN,2,7.38E-05,DT : .,7,2.73E-05,,,,,,,,,,,,,
NN : (,3,0.000110734,DT : :,9,3.51E-05,,,,,,,,,,,,,
NN : ),3,0.000110734,DT : CC,821,0.00319795,,,,,,,,,,,,,
"NN : ,",406,0.014985974,DT : CD,237,0.00092316,,,,,,,,,,,,,
NN : .,322,0.011885427,DT : DT,337,0.001312678,,,,,,,,,,,,,
NN : :,12,0.000442935,DT : EX,6,2.34E-05,,,,,,,,,,,,,
NN : CC,108,0.003986417,DT : FW,12,4.67E-05,,,,,,,,,,,,,
NN : DT,3,0.000110734,DT : IN,6440,0.025085012,,,,,,,,,,,,,
NN : IN,149,0.005499779,DT : JJ,1068,0.004160061,,,,,,,,,,,,,
NN : JJ,5,0.000184556,DT : JJR,12,4.67E-05,,,,,,,,,,,,,
NN : JJS,1,3.69E-05,DT : JJS,83,0.000323301,,,,,,,,,,,,,
NN : MD,4,0.000147645,DT : MD,73,0.000284349,,,,,,,,,,,,,
NN : NN,70,0.002583789,DT : NN,6338,0.024687703,,,,,,,,,,,,,
NN : NNP,130,0.004798464,DT : NNP,3021,0.011767364,,,,,,,,,,,,,
NN : NNS,2,7.38E-05,DT : NNPS,115,0.000447947,,,,,,,,,,,,,
NN : PDT,1,3.69E-05,DT : NNS,656,0.002555244,,,,,,,,,,,,,
NN : POS,8,0.00029529,DT : NONE,310,0.001207508,,,,,,,,,,,,,
NN : RB,14,0.000516758,DT : PDT,1,3.90E-06,,,,,,,,,,,,,
NN : TO,21,0.000775137,DT : POS,4,1.56E-05,,,,,,,,,,,,,
NN : VBD,83,0.003063635,DT : PRP,223,0.000868627,,,,,,,,,,,,,
NN : VBG,4,0.000147645,DT : PRP$,49,0.000190864,,,,,,,,,,,,,
NN : VBN,4,0.000147645,DT : RB,234,0.000911474,,,,,,,,,,,,,
NN : VBP,7,0.000258379,DT : RBR,2,7.79E-06,,,,,,,,,,,,,
NN : VBZ,45,0.001661007,DT : RBS,29,0.00011296,,,,,,,,,,,,,
NN : WDT,10,0.000369113,DT : RP,7,2.73E-05,,,,,,,,,,,,,
NN : WP,2,7.38E-05,DT : SYM,2,7.79E-06,,,,,,,,,,,,,
NN : WP$,1,3.69E-05,DT : TO,246,0.000958216,,,,,,,,,,,,,
NN : WRB,3,0.000110734,DT : VB,12,4.67E-05,,,,,,,,,,,,,
NNP : (,10,0.000369113,DT : VBD,1053,0.004101633,,,,,,,,,,,,,
NNP : ),26,0.000959693,DT : VBG,160,0.00062323,,,,,,,,,,,,,
"NNP : ,",325,0.011996161,DT : VBN,340,0.001324364,,,,,,,,,,,,,
NNP : .,211,0.007788277,DT : VBP,160,0.00062323,,,,,,,,,,,,,
NNP : :,67,0.002473055,DT : VBZ,802,0.003123941,,,,,,,,,,,,,
NNP : CC,103,0.00380186,DT : WDT,166,0.000646601,,,,,,,,,,,,,
NNP : CD,8,0.00029529,DT : WP,49,0.000190864,,,,,,,,,,,,,
NNP : DT,1,3.69E-05,DT : WP$,6,2.34E-05,,,,,,,,,,,,,
NNP : FW,1,3.69E-05,DT : WRB,51,0.000198655,,,,,,,,,,,,,
NNP : IN,200,0.007382253,EX : CC,2,7.79E-06,,,,,,,,,,,,,
NNP : JJ,8,0.00029529,EX : CD,23,8.96E-05,,,,,,,,,,,,,
NNP : MD,8,0.00029529,EX : DT,40,0.000155808,,,,,,,,,,,,,
NNP : NN,223,0.008231212,EX : IN,3,1.17E-05,,,,,,,,,,,,,
NNP : NNP,1183,0.043666027,EX : JJ,12,4.67E-05,,,,,,,,,,,,,
NNP : NNS,9,0.000332201,EX : JJR,1,3.90E-06,,,,,,,,,,,,,
NNP : NONE,1,3.69E-05,EX : NNS,2,7.79E-06,,,,,,,,,,,,,
NNP : POS,29,0.001070427,EX : PRP$,1,3.90E-06,,,,,,,,,,,,,
NNP : PRP,1,3.69E-05,EX : RB,17,6.62E-05,,,,,,,,,,,,,
NNP : RB,3,0.000110734,EX : VB,1,3.90E-06,,,,,,,,,,,,,
NNP : TO,9,0.000332201,EX : VBD,1,3.90E-06,,,,,,,,,,,,,
NNP : VB,3,0.000110734,EX : VBN,7,2.73E-05,,,,,,,,,,,,,
NNP : VBD,156,0.005758157,EX : VBZ,1,3.90E-06,,,,,,,,,,,,,
NNP : VBG,10,0.000369113,FW : (,3,1.17E-05,,,,,,,,,,,,,
NNP : VBN,6,0.000221468,"FW : ,",1,3.90E-06,,,,,,,,,,,,,
NNP : VBP,11,0.000406024,FW : CC,10,3.90E-05,,,,,,,,,,,,,
NNP : VBZ,45,0.001661007,FW : CD,2,7.79E-06,,,,,,,,,,,,,
NNP : WDT,6,0.000221468,FW : DT,4,1.56E-05,,,,,,,,,,,,,
NNP : WP,10,0.000369113,FW : FW,7,2.73E-05,,,,,,,,,,,,,
NNP : WRB,1,3.69E-05,FW : IN,15,5.84E-05,,,,,,,,,,,,,
"NNPS : ,",2,7.38E-05,FW : JJ,1,3.90E-06,,,,,,,,,,,,,
NNPS : .,1,3.69E-05,FW : NN,21,8.18E-05,,,,,,,,,,,,,
NNPS : CC,2,7.38E-05,FW : NNP,39,0.000151912,,,,,,,,,,,,,
NNPS : IN,4,0.000147645,FW : NNS,1,3.90E-06,,,,,,,,,,,,,
NNPS : NN,1,3.69E-05,FW : NONE,2,7.79E-06,,,,,,,,,,,,,
NNPS : NNP,1,3.69E-05,FW : PRP,4,1.56E-05,,,,,,,,,,,,,
NNS : (,2,7.38E-05,FW : RB,1,3.90E-06,,,,,,,,,,,,,
"NNS : ,",24,0.00088587,FW : VB,2,7.79E-06,,,,,,,,,,,,,
NNS : .,6,0.000221468,FW : VBD,13,5.06E-05,,,,,,,,,,,,,
NNS : :,4,0.000147645,FW : VBG,4,1.56E-05,,,,,,,,,,,,,
NNS : CC,62,0.002288498,FW : VBN,2,7.79E-06,,,,,,,,,,,,,
NNS : CD,1,3.69E-05,FW : VBP,1,3.90E-06,,,,,,,,,,,,,
NNS : IN,5,0.000184556,FW : VBZ,6,2.34E-05,,,,,,,,,,,,,
NNS : JJ,1,3.69E-05,IN : $,3,1.17E-05,,,,,,,,,,,,,
NNS : NN,7,0.000258379,IN : (,31,0.000120751,,,,,,,,,,,,,
NNS : NNP,7,0.000258379,IN : ),2,7.79E-06,,,,,,,,,,,,,
NNS : POS,1,3.69E-05,"IN : ,",10,3.90E-05,,,,,,,,,,,,,
NNS : TO,3,0.000110734,IN : .,9,3.51E-05,,,,,,,,,,,,,
NNS : VBD,3,0.000110734,IN : :,13,5.06E-05,,,,,,,,,,,,,
NNS : VBP,1,3.69E-05,IN : CC,1123,0.004374296,,,,,,,,,,,,,
NNS : VBZ,2,7.38E-05,IN : CD,1487,0.005792145,,,,,,,,,,,,,
NNS : WDT,1,3.69E-05,IN : DT,874,0.003404395,,,,,,,,,,,,,
NONE : $,2,7.38E-05,IN : EX,11,4.28E-05,,,,,,,,,,,,,
"NONE : ,",12,0.000442935,IN : FW,26,0.000101275,,,,,,,,,,,,,
NONE : :,3,0.000110734,IN : IN,2295,0.008939457,,,,,,,,,,,,,
NONE : CC,15,0.000553669,IN : JJ,3391,0.013208583,,,,,,,,,,,,,
NONE : IN,10,0.000369113,IN : JJR,47,0.000183074,,,,,,,,,,,,,
NONE : MD,1,3.69E-05,IN : JJS,147,0.000572593,,,,,,,,,,,,,
NONE : NN,4,0.000147645,IN : MD,63,0.000245397,,,,,,,,,,,,,
NONE : NNP,44,0.001624096,IN : NN,6827,0.02659245,,,,,,,,,,,,,
NONE : NNS,7,0.000258379,IN : NNP,7890,0.030733035,,,,,,,,,,,,,
NONE : POS,2,7.38E-05,IN : NNPS,127,0.000494689,,,,,,,,,,,,,
NONE : PRP,1,3.69E-05,IN : NNS,1544,0.006014171,,,,,,,,,,,,,
NONE : RB,3,0.000110734,IN : NONE,565,0.002200781,,,,,,,,,,,,,
NONE : VBD,36,0.001328806,IN : PDT,10,3.90E-05,,,,,,,,,,,,,
NONE : VBN,2,7.38E-05,IN : POS,1,3.90E-06,,,,,,,,,,,,,
NONE : VBP,3,0.000110734,IN : PRP,564,0.002196886,,,,,,,,,,,,,
NONE : VBZ,113,0.004170973,IN : PRP$,156,0.000607649,,,,,,,,,,,,,
NONE : WP,2,7.38E-05,IN : RB,221,0.000860837,,,,,,,,,,,,,
"POS : ,",7,0.000258379,IN : RBR,11,4.28E-05,,,,,,,,,,,,,
POS : .,15,0.000553669,IN : RBS,71,0.000276558,,,,,,,,,,,,,
POS : :,1,3.69E-05,IN : RP,7,2.73E-05,,,,,,,,,,,,,
POS : CC,2,7.38E-05,IN : SYM,1,3.90E-06,,,,,,,,,,,,,
POS : CD,1,3.69E-05,IN : TO,540,0.002103402,,,,,,,,,,,,,
POS : IN,10,0.000369113,IN : VB,40,0.000155808,,,,,,,,,,,,,
POS : NN,8,0.00029529,IN : VBD,604,0.002352694,,,,,,,,,,,,,
POS : POS,2,7.38E-05,IN : VBG,277,0.001078967,,,,,,,,,,,,,
POS : TO,3,0.000110734,IN : VBN,165,0.000642706,,,,,,,,,,,,,
POS : VBD,4,0.000147645,IN : VBP,154,0.000599859,,,,,,,,,,,,,
POS : VBZ,1,3.69E-05,IN : VBZ,340,0.001324364,,,,,,,,,,,,,
POS : WDT,1,3.69E-05,IN : WDT,64,0.000249292,,,,,,,,,,,,,
PRP : .,2,7.38E-05,IN : WP,41,0.000159703,,,,,,,,,,,,,
PRP : CC,3,0.000110734,IN : WP$,1,3.90E-06,,,,,,,,,,,,,
PRP : IN,4,0.000147645,IN : WRB,66,0.000257082,,,,,,,,,,,,,
PRP : JJ,1,3.69E-05,JJ : '',1,3.90E-06,,,,,,,,,,,,,
"PRP$ : ,",11,0.000406024,JJ : $,4,1.56E-05,,,,,,,,,,,,,
PRP$ : .,14,0.000516758,JJ : (,27,0.00010517,,,,,,,,,,,,,
PRP$ : :,1,3.69E-05,JJ : ),5,1.95E-05,,,,,,,,,,,,,
PRP$ : CC,5,0.000184556,"JJ : ,",10,3.90E-05,,,,,,,,,,,,,
PRP$ : IN,11,0.000406024,JJ : .,6,2.34E-05,,,,,,,,,,,,,
PRP$ : JJ,2,7.38E-05,JJ : :,19,7.40E-05,,,,,,,,,,,,,
PRP$ : MD,1,3.69E-05,JJ : CC,1048,0.004082157,,,,,,,,,,,,,
PRP$ : NN,22,0.000812048,JJ : CD,189,0.000736191,,,,,,,,,,,,,
PRP$ : NNP,4,0.000147645,JJ : DT,705,0.002746108,,,,,,,,,,,,,
PRP$ : NNS,4,0.000147645,JJ : EX,10,3.90E-05,,,,,,,,,,,,,
PRP$ : VBD,2,7.38E-05,JJ : FW,6,2.34E-05,,,,,,,,,,,,,
PRP$ : VBG,2,7.38E-05,JJ : IN,4309,0.016784366,,,,,,,,,,,,,
PRP$ : VBP,1,3.69E-05,JJ : JJ,733,0.002855173,,,,,,,,,,,,,
PRP$ : VBZ,2,7.38E-05,JJ : JJR,12,4.67E-05,,,,,,,,,,,,,
RB : (,1,3.69E-05,JJ : JJS,27,0.00010517,,,,,,,,,,,,,
RB : ),4,0.000147645,JJ : MD,45,0.000175283,,,,,,,,,,,,,
"RB : ,",21,0.000775137,JJ : NN,2340,0.009114741,,,,,,,,,,,,,
RB : .,25,0.000922782,JJ : NNP,1567,0.00610376,,,,,,,,,,,,,
RB : CC,10,0.000369113,JJ : NNPS,18,7.01E-05,,,,,,,,,,,,,
RB : CD,1,3.69E-05,JJ : NNS,550,0.002142354,,,,,,,,,,,,,
RB : DT,1,3.69E-05,JJ : NONE,413,0.001608713,,,,,,,,,,,,,
RB : IN,19,0.000701314,JJ : PDT,1,3.90E-06,,,,,,,,,,,,,
RB : JJ,3,0.000110734,JJ : POS,4,1.56E-05,,,,,,,,,,,,,
RB : MD,1,3.69E-05,JJ : PRP,320,0.00124646,,,,,,,,,,,,,
RB : NN,11,0.000406024,JJ : PRP$,131,0.00051027,,,,,,,,,,,,,
RB : NNP,9,0.000332201,JJ : RB,262,0.001020539,,,,,,,,,,,,,
RB : NNS,2,7.38E-05,JJ : RBR,3,1.17E-05,,,,,,,,,,,,,
RB : TO,1,3.69E-05,JJ : RBS,5,1.95E-05,,,,,,,,,,,,,
RB : VBD,2,7.38E-05,JJ : RP,5,1.95E-05,,,,,,,,,,,,,
RB : VBG,1,3.69E-05,JJ : SYM,1,3.90E-06,,,,,,,,,,,,,
RB : VBN,1,3.69E-05,JJ : TO,244,0.000950426,,,,,,,,,,,,,
RB : VBP,1,3.69E-05,JJ : VB,95,0.000370043,,,,,,,,,,,,,
RB : VBZ,2,7.38E-05,JJ : VBD,535,0.002083926,,,,,,,,,,,,,
RBR : NN,3,0.000110734,JJ : VBG,292,0.001137395,,,,,,,,,,,,,
RBS : NNP,1,3.69E-05,JJ : VBN,297,0.001156871,,,,,,,,,,,,,
RP : .,1,3.69E-05,JJ : VBP,247,0.000962112,,,,,,,,,,,,,
RP : IN,2,7.38E-05,JJ : VBZ,335,0.001304888,,,,,,,,,,,,,
RP : NN,1,3.69E-05,JJ : WDT,131,0.00051027,,,,,,,,,,,,,
RP : POS,1,3.69E-05,JJ : WP,150,0.000584278,,,,,,,,,,,,,
TO : ),3,0.000110734,JJ : WP$,15,5.84E-05,,,,,,,,,,,,,
"TO : ,",91,0.003358925,JJ : WRB,34,0.000132436,,,,,,,,,,,,,
TO : .,74,0.002731434,JJR : :,1,3.90E-06,,,,,,,,,,,,,
TO : :,5,0.000184556,JJR : CC,13,5.06E-05,,,,,,,,,,,,,
TO : CC,32,0.00118116,JJR : CD,74,0.000288244,,,,,,,,,,,,,
TO : CD,1,3.69E-05,JJR : DT,21,8.18E-05,,,,,,,,,,,,,
TO : DT,3,0.000110734,JJR : IN,92,0.000358357,,,,,,,,,,,,,
TO : IN,58,0.002140853,JJR : JJ,10,3.90E-05,,,,,,,,,,,,,
TO : JJ,7,0.000258379,JJR : JJR,6,2.34E-05,,,,,,,,,,,,,
TO : MD,1,3.69E-05,JJR : JJS,2,7.79E-06,,,,,,,,,,,,,
TO : NN,6,0.000221468,JJR : MD,1,3.90E-06,,,,,,,,,,,,,
TO : NNP,19,0.000701314,JJR : NN,28,0.000109065,,,,,,,,,,,,,
TO : NNS,4,0.000147645,JJR : NNP,32,0.000124646,,,,,,,,,,,,,
TO : POS,16,0.00059058,JJR : NNPS,1,3.90E-06,,,,,,,,,,,,,
TO : RB,1,3.69E-05,JJR : NNS,13,5.06E-05,,,,,,,,,,,,,
TO : TO,3,0.000110734,JJR : NONE,11,4.28E-05,,,,,,,,,,,,,
TO : VB,2,7.38E-05,JJR : PRP,7,2.73E-05,,,,,,,,,,,,,
TO : VBD,1,3.69E-05,JJR : PRP$,4,1.56E-05,,,,,,,,,,,,,
TO : WRB,3,0.000110734,JJR : RB,4,1.56E-05,,,,,,,,,,,,,
"VB : ,",15,0.000553669,JJR : RBR,1,3.90E-06,,,,,,,,,,,,,
VB : .,15,0.000553669,JJR : TO,7,2.73E-05,,,,,,,,,,,,,
VB : CC,4,0.000147645,JJR : VB,2,7.79E-06,,,,,,,,,,,,,
VB : IN,17,0.000627492,JJR : VBD,8,3.12E-05,,,,,,,,,,,,,
VB : JJ,4,0.000147645,JJR : VBG,6,2.34E-05,,,,,,,,,,,,,
VB : NN,10,0.000369113,JJR : VBN,2,7.79E-06,,,,,,,,,,,,,
VB : NNP,13,0.000479846,JJR : VBP,4,1.56E-05,,,,,,,,,,,,,
VB : NNS,4,0.000147645,JJR : VBZ,2,7.79E-06,,,,,,,,,,,,,
VB : POS,8,0.00029529,JJR : WDT,2,7.79E-06,,,,,,,,,,,,,
VB : RB,2,7.38E-05,JJR : WP,3,1.17E-05,,,,,,,,,,,,,
VB : TO,2,7.38E-05,JJR : WRB,1,3.90E-06,,,,,,,,,,,,,
VB : VB,2,7.38E-05,JJS : (,1,3.90E-06,,,,,,,,,,,,,
VB : VBD,1,3.69E-05,JJS : ),1,3.90E-06,,,,,,,,,,,,,
VB : VBN,1,3.69E-05,JJS : :,1,3.90E-06,,,,,,,,,,,,,
VB : VBP,1,3.69E-05,JJS : CC,18,7.01E-05,,,,,,,,,,,,,
VBD : (,1,3.69E-05,JJS : CD,3,1.17E-05,,,,,,,,,,,,,
"VBD : ,",89,0.003285103,JJS : DT,73,0.000284349,,,,,,,,,,,,,
VBD : .,52,0.001919386,JJS : IN,246,0.000958216,,,,,,,,,,,,,
VBD : :,5,0.000184556,JJS : JJ,35,0.000136332,,,,,,,,,,,,,
VBD : CC,44,0.001624096,JJS : JJS,4,1.56E-05,,,,,,,,,,,,,
VBD : CD,6,0.000221468,JJS : NN,118,0.000459632,,,,,,,,,,,,,
VBD : DT,6,0.000221468,JJS : NNP,78,0.000303825,,,,,,,,,,,,,
VBD : IN,168,0.006201093,JJS : NNS,41,0.000159703,,,,,,,,,,,,,
VBD : JJ,3,0.000110734,JJS : NONE,11,4.28E-05,,,,,,,,,,,,,
VBD : NN,23,0.000848959,JJS : PDT,1,3.90E-06,,,,,,,,,,,,,
VBD : NNP,39,0.001439539,JJS : PRP,8,3.12E-05,,,,,,,,,,,,,
VBD : NNS,6,0.000221468,JJS : PRP$,23,8.96E-05,,,,,,,,,,,,,
VBD : POS,21,0.000775137,JJS : RB,5,1.95E-05,,,,,,,,,,,,,
VBD : PRP,1,3.69E-05,JJS : RBS,6,2.34E-05,,,,,,,,,,,,,
VBD : RB,5,0.000184556,JJS : TO,7,2.73E-05,,,,,,,,,,,,,
VBD : RBR,1,3.69E-05,JJS : VB,6,2.34E-05,,,,,,,,,,,,,
VBD : TO,9,0.000332201,JJS : VBD,12,4.67E-05,,,,,,,,,,,,,
VBD : VBD,6,0.000221468,JJS : VBG,8,3.12E-05,,,,,,,,,,,,,
VBD : VBG,1,3.69E-05,JJS : VBN,6,2.34E-05,,,,,,,,,,,,,
VBD : VBN,3,0.000110734,JJS : VBP,9,3.51E-05,,,,,,,,,,,,,
VBD : VBP,1,3.69E-05,JJS : VBZ,11,4.28E-05,,,,,,,,,,,,,
VBD : WP,1,3.69E-05,JJS : WDT,4,1.56E-05,,,,,,,,,,,,,
VBD : WRB,1,3.69E-05,JJS : WP,2,7.79E-06,,,,,,,,,,,,,
VBG : $,1,3.69E-05,MD : CC,12,4.67E-05,,,,,,,,,,,,,
"VBG : ,",66,0.002436144,MD : CD,9,3.51E-05,,,,,,,,,,,,,
VBG : .,26,0.000959693,MD : DT,53,0.000206445,,,,,,,,,,,,,
VBG : :,1,3.69E-05,MD : EX,1,3.90E-06,,,,,,,,,,,,,
VBG : CC,37,0.001365717,MD : IN,49,0.000190864,,,,,,,,,,,,,
VBG : CD,1,3.69E-05,MD : JJ,23,8.96E-05,,,,,,,,,,,,,
VBG : DT,2,7.38E-05,MD : JJR,1,3.90E-06,,,,,,,,,,,,,
VBG : IN,40,0.001476451,MD : MD,1,3.90E-06,,,,,,,,,,,,,
VBG : JJ,3,0.000110734,MD : NN,59,0.000229816,,,,,,,,,,,,,
VBG : NN,10,0.000369113,MD : NNP,27,0.00010517,,,,,,,,,,,,,
VBG : NNP,3,0.000110734,MD : NNPS,1,3.90E-06,,,,,,,,,,,,,
VBG : NNS,8,0.00029529,MD : NNS,10,3.90E-05,,,,,,,,,,,,,
VBG : POS,7,0.000258379,MD : NONE,3,1.17E-05,,,,,,,,,,,,,
VBG : PRP$,1,3.69E-05,MD : POS,1,3.90E-06,,,,,,,,,,,,,
VBG : RBR,1,3.69E-05,MD : PRP,14,5.45E-05,,,,,,,,,,,,,
VBG : TO,2,7.38E-05,MD : PRP$,20,7.79E-05,,,,,,,,,,,,,
VBG : VBD,1,3.69E-05,MD : RB,12,4.67E-05,,,,,,,,,,,,,
VBG : VBG,1,3.69E-05,MD : RBS,1,3.90E-06,,,,,,,,,,,,,
VBG : VBP,1,3.69E-05,MD : RP,8,3.12E-05,,,,,,,,,,,,,
VBG : VBZ,1,3.69E-05,MD : TO,28,0.000109065,,,,,,,,,,,,,
VBG : WDT,1,3.69E-05,MD : VB,93,0.000362253,,,,,,,,,,,,,
VBG : WP,1,3.69E-05,MD : VBD,3,1.17E-05,,,,,,,,,,,,,
"VBN : ,",17,0.000627492,MD : VBG,8,3.12E-05,,,,,,,,,,,,,
VBN : .,29,0.001070427,MD : VBN,116,0.000451842,,,,,,,,,,,,,
VBN : CC,13,0.000479846,MD : VBP,1,3.90E-06,,,,,,,,,,,,,
VBN : IN,29,0.001070427,MD : VBZ,2,7.79E-06,,,,,,,,,,,,,
VBN : JJ,3,0.000110734,MD : WRB,2,7.79E-06,,,,,,,,,,,,,
VBN : NN,10,0.000369113,NN : $,8,3.12E-05,,,,,,,,,,,,,
VBN : NNP,4,0.000147645,NN : (,19,7.40E-05,,,,,,,,,,,,,
VBN : TO,1,3.69E-05,NN : ),9,3.51E-05,,,,,,,,,,,,,
VBN : VBG,1,3.69E-05,"NN : ,",19,7.40E-05,,,,,,,,,,,,,
VBN : VBN,1,3.69E-05,NN : .,19,7.40E-05,,,,,,,,,,,,,
VBN : VBP,1,3.69E-05,NN : :,12,4.67E-05,,,,,,,,,,,,,
VBN : VBZ,1,3.69E-05,NN : CC,835,0.003252482,,,,,,,,,,,,,
VBN : WP,2,7.38E-05,NN : CD,1343,0.005231238,,,,,,,,,,,,,
"VBP : ,",54,0.001993208,NN : DT,6992,0.027235156,,,,,,,,,,,,,
VBP : .,7,0.000258379,NN : EX,10,3.90E-05,,,,,,,,,,,,,
VBP : :,3,0.000110734,NN : FW,8,3.12E-05,,,,,,,,,,,,,
VBP : CC,10,0.000369113,NN : IN,2730,0.010633864,,,,,,,,,,,,,
VBP : IN,9,0.000332201,NN : JJ,1860,0.00724505,,,,,,,,,,,,,
VBP : JJ,3,0.000110734,NN : JJR,52,0.00020255,,,,,,,,,,,,,
VBP : NN,8,0.00029529,NN : JJS,53,0.000206445,,,,,,,,,,,,,
VBP : NNP,25,0.000922782,NN : MD,92,0.000358357,,,,,,,,,,,,,
VBP : NNS,4,0.000147645,NN : NN,3298,0.012846331,,,,,,,,,,,,,
VBP : POS,2,7.38E-05,NN : NNP,7630,0.029720287,,,,,,,,,,,,,
VBP : TO,1,3.69E-05,NN : NNPS,23,8.96E-05,,,,,,,,,,,,,
VBP : VB,1,3.69E-05,NN : NNS,659,0.002566929,,,,,,,,,,,,,
VBP : VBD,2,7.38E-05,NN : NONE,396,0.001542495,,,,,,,,,,,,,
VBP : VBZ,1,3.69E-05,NN : PDT,21,8.18E-05,,,,,,,,,,,,,
"VBZ : ,",52,0.001919386,NN : POS,5,1.95E-05,,,,,,,,,,,,,
VBZ : .,41,0.001513362,NN : PRP,505,0.00196707,,,,,,,,,,,,,
VBZ : :,4,0.000147645,NN : PRP$,642,0.002500711,,,,,,,,,,,,,
VBZ : CC,17,0.000627492,NN : RB,818,0.003186264,,,,,,,,,,,,,
VBZ : CD,1,3.69E-05,NN : RBR,8,3.12E-05,,,,,,,,,,,,,
VBZ : DT,1,3.69E-05,NN : RBS,23,8.96E-05,,,,,,,,,,,,,
VBZ : IN,19,0.000701314,NN : RP,21,8.18E-05,,,,,,,,,,,,,
VBZ : NN,9,0.000332201,NN : TO,419,0.001632084,,,,,,,,,,,,,
VBZ : NNP,13,0.000479846,NN : VB,581,0.002263104,,,,,,,,,,,,,
VBZ : NNS,1,3.69E-05,NN : VBD,1846,0.007190518,,,,,,,,,,,,,
VBZ : NONE,1,3.69E-05,NN : VBG,436,0.001698302,,,,,,,,,,,,,
VBZ : POS,12,0.000442935,NN : VBN,1055,0.004109424,,,,,,,,,,,,,
VBZ : RB,1,3.69E-05,NN : VBP,204,0.000794618,,,,,,,,,,,,,
VBZ : TO,2,7.38E-05,NN : VBZ,1118,0.00435482,,,,,,,,,,,,,
VBZ : VBG,2,7.38E-05,NN : WDT,165,0.000642706,,,,,,,,,,,,,
VBZ : VBN,1,3.69E-05,NN : WP,91,0.000354462,,,,,,,,,,,,,
VBZ : WP,1,3.69E-05,NN : WP$,7,2.73E-05,,,,,,,,,,,,,
"WDT : ,",1,3.69E-05,NN : WRB,31,0.000120751,,,,,,,,,,,,,
WDT : CC,3,0.000110734,NNP : '',2,7.79E-06,,,,,,,,,,,,,
WDT : IN,1,3.69E-05,NNP : $,6,2.34E-05,,,,,,,,,,,,,
WDT : MD,2,7.38E-05,NNP : (,140,0.000545326,,,,,,,,,,,,,
WDT : NNS,1,3.69E-05,NNP : ),198,0.000771247,,,,,,,,,,,,,
WDT : POS,1,3.69E-05,"NNP : ,",114,0.000444051,,,,,,,,,,,,,
WDT : VBD,4,0.000147645,NNP : .,4,1.56E-05,,,,,,,,,,,,,
WDT : VBZ,3,0.000110734,NNP : :,152,0.000592069,,,,,,,,,,,,,
WP : MD,1,3.69E-05,NNP : CC,2374,0.009247177,,,,,,,,,,,,,
WP : VBD,4,0.000147645,NNP : CD,3977,0.015491164,,,,,,,,,,,,,
WP : VBP,1,3.69E-05,NNP : DT,7205,0.028064832,,,,,,,,,,,,,
WP : VBZ,1,3.69E-05,NNP : EX,33,0.000128541,,,,,,,,,,,,,
WP$ : NN,1,3.69E-05,NNP : FW,34,0.000132436,,,,,,,,,,,,,
WP$ : NNP,1,3.69E-05,NNP : IN,4579,0.017836067,,,,,,,,,,,,,
WP$ : VBZ,1,3.69E-05,NNP : JJ,1232,0.004798872,,,,,,,,,,,,,
"WRB : ,",8,0.00029529,NNP : JJR,32,0.000124646,,,,,,,,,,,,,
WRB : CC,2,7.38E-05,NNP : JJS,90,0.000350567,,,,,,,,,,,,,
WRB : IN,1,3.69E-05,NNP : MD,82,0.000319405,,,,,,,,,,,,,
WRB : NN,1,3.69E-05,NNP : NN,2933,0.011424587,,,,,,,,,,,,,
WRB : NNP,3,0.000110734,NNP : NNP,17371,0.067663316,,,,,,,,,,,,,
WRB : NNS,1,3.69E-05,NNP : NNPS,50,0.000194759,,,,,,,,,,,,,
WRB : POS,2,7.38E-05,NNP : NNS,449,0.00174894,,,,,,,,,,,,,
WRB : RB,1,3.69E-05,NNP : NONE,2348,0.009145902,,,,,,,,,,,,,
WRB : VBD,23,0.000848959,NNP : PDT,2,7.79E-06,,,,,,,,,,,,,
WRB : VBZ,3,0.000110734,NNP : POS,16,6.23E-05,,,,,,,,,,,,,
,,,NNP : PRP,1754,0.00683216,,,,,,,,,,,,,
,,,NNP : PRP$,669,0.002605881,,,,,,,,,,,,,
,,,NNP : RB,1282,0.004993631,,,,,,,,,,,,,
,,,NNP : RBR,21,8.18E-05,,,,,,,,,,,,,
,,,NNP : RBS,13,5.06E-05,,,,,,,,,,,,,
,,,NNP : RP,26,0.000101275,,,,,,,,,,,,,
,,,NNP : SYM,3,1.17E-05,,,,,,,,,,,,,
,,,NNP : TO,449,0.00174894,,,,,,,,,,,,,
,,,NNP : VB,342,0.001332154,,,,,,,,,,,,,
,,,NNP : VBD,3489,0.013590312,,,,,,,,,,,,,
,,,NNP : VBG,605,0.002356589,,,,,,,,,,,,,
,,,NNP : VBN,1373,0.005348094,,,,,,,,,,,,,
,,,NNP : VBP,294,0.001145185,,,,,,,,,,,,,
,,,NNP : VBZ,1926,0.007502133,,,,,,,,,,,,,
,,,NNP : WDT,330,0.001285412,,,,,,,,,,,,,
,,,NNP : WP,245,0.000954321,,,,,,,,,,,,,
,,,NNP : WP$,30,0.000116856,,,,,,,,,,,,,
,,,NNP : WRB,100,0.000389519,,,,,,,,,,,,,
,,,NNPS : (,1,3.90E-06,,,,,,,,,,,,,
,,,NNPS : CC,19,7.40E-05,,,,,,,,,,,,,
,,,NNPS : CD,18,7.01E-05,,,,,,,,,,,,,
,,,NNPS : DT,91,0.000354462,,,,,,,,,,,,,
,,,NNPS : FW,1,3.90E-06,,,,,,,,,,,,,
,,,NNPS : IN,43,0.000167493,,,,,,,,,,,,,
,,,NNPS : JJ,15,5.84E-05,,,,,,,,,,,,,
,,,NNPS : JJR,2,7.79E-06,,,,,,,,,,,,,
,,,NNPS : MD,2,7.79E-06,,,,,,,,,,,,,
,,,NNPS : NN,27,0.00010517,,,,,,,,,,,,,
,,,NNPS : NNP,101,0.000393414,,,,,,,,,,,,,
,,,NNPS : NNPS,12,4.67E-05,,,,,,,,,,,,,
,,,NNPS : NNS,9,3.51E-05,,,,,,,,,,,,,
,,,NNPS : NONE,15,5.84E-05,,,,,,,,,,,,,
,,,NNPS : PDT,1,3.90E-06,,,,,,,,,,,,,
,,,NNPS : PRP,25,9.74E-05,,,,,,,,,,,,,
,,,NNPS : PRP$,9,3.51E-05,,,,,,,,,,,,,
,,,NNPS : RB,16,6.23E-05,,,,,,,,,,,,,
,,,NNPS : TO,3,1.17E-05,,,,,,,,,,,,,
,,,NNPS : VB,22,8.57E-05,,,,,,,,,,,,,
,,,NNPS : VBD,27,0.00010517,,,,,,,,,,,,,
,,,NNPS : VBG,5,1.95E-05,,,,,,,,,,,,,
,,,NNPS : VBN,25,9.74E-05,,,,,,,,,,,,,
,,,NNPS : VBP,4,1.56E-05,,,,,,,,,,,,,
,,,NNPS : VBZ,3,1.17E-05,,,,,,,,,,,,,
,,,NNPS : WDT,2,7.79E-06,,,,,,,,,,,,,
,,,NNPS : WP,3,1.17E-05,,,,,,,,,,,,,
,,,NNS : '',1,3.90E-06,,,,,,,,,,,,,
,,,NNS : $,1,3.90E-06,,,,,,,,,,,,,
,,,NNS : (,4,1.56E-05,,,,,,,,,,,,,
,,,NNS : ),1,3.90E-06,,,,,,,,,,,,,
,,,"NNS : ,",6,2.34E-05,,,,,,,,,,,,,
,,,NNS : .,3,1.17E-05,,,,,,,,,,,,,
,,,NNS : :,3,1.17E-05,,,,,,,,,,,,,
,,,NNS : CC,97,0.000377833,,,,,,,,,,,,,
,,,NNS : CD,251,0.000977692,,,,,,,,,,,,,
,,,NNS : DT,1567,0.00610376,,,,,,,,,,,,,
,,,NNS : EX,2,7.79E-06,,,,,,,,,,,,,
,,,NNS : IN,720,0.002804536,,,,,,,,,,,,,
,,,NNS : JJ,531,0.002068345,,,,,,,,,,,,,
,,,NNS : JJR,21,8.18E-05,,,,,,,,,,,,,
,,,NNS : JJS,14,5.45E-05,,,,,,,,,,,,,
,,,NNS : MD,22,8.57E-05,,,,,,,,,,,,,
,,,NNS : NN,501,0.001951489,,,,,,,,,,,,,
,,,NNS : NNP,1214,0.004728759,,,,,,,,,,,,,
,,,NNS : NNPS,12,4.67E-05,,,,,,,,,,,,,
,,,NNS : NNS,283,0.001102338,,,,,,,,,,,,,
,,,NNS : NONE,103,0.000401204,,,,,,,,,,,,,
,,,NNS : PDT,1,3.90E-06,,,,,,,,,,,,,
,,,NNS : POS,3,1.17E-05,,,,,,,,,,,,,
,,,NNS : PRP,117,0.000455737,,,,,,,,,,,,,
,,,NNS : PRP$,175,0.000681658,,,,,,,,,,,,,
,,,NNS : RB,205,0.000798514,,,,,,,,,,,,,
,,,NNS : RBR,2,7.79E-06,,,,,,,,,,,,,
,,,NNS : RBS,3,1.17E-05,,,,,,,,,,,,,
,,,NNS : RP,15,5.84E-05,,,,,,,,,,,,,
,,,NNS : TO,123,0.000479108,,,,,,,,,,,,,
,,,NNS : VB,227,0.000884208,,,,,,,,,,,,,
,,,NNS : VBD,219,0.000853046,,,,,,,,,,,,,
,,,NNS : VBG,106,0.00041289,,,,,,,,,,,,,
,,,NNS : VBN,290,0.001129605,,,,,,,,,,,,,
,,,NNS : VBP,140,0.000545326,,,,,,,,,,,,,
,,,NNS : VBZ,66,0.000257082,,,,,,,,,,,,,
,,,NNS : WDT,20,7.79E-05,,,,,,,,,,,,,
,,,NNS : WP,14,5.45E-05,,,,,,,,,,,,,
,,,NNS : WP$,1,3.90E-06,,,,,,,,,,,,,
,,,NNS : WRB,13,5.06E-05,,,,,,,,,,,,,
,,,NONE : '',1,3.90E-06,,,,,,,,,,,,,
,,,NONE : $,2,7.79E-06,,,,,,,,,,,,,
,,,NONE : (,99,0.000385624,,,,,,,,,,,,,
,,,"NONE : ,",6,2.34E-05,,,,,,,,,,,,,
,,,NONE : :,9,3.51E-05,,,,,,,,,,,,,
,,,NONE : CC,90,0.000350567,,,,,,,,,,,,,
,,,NONE : CD,74,0.000288244,,,,,,,,,,,,,
,,,NONE : DT,60,0.000233711,,,,,,,,,,,,,
,,,NONE : EX,1,3.90E-06,,,,,,,,,,,,,
,,,NONE : FW,12,4.67E-05,,,,,,,,,,,,,
,,,NONE : IN,106,0.00041289,,,,,,,,,,,,,
,,,NONE : JJ,111,0.000432366,,,,,,,,,,,,,
,,,NONE : JJR,3,1.17E-05,,,,,,,,,,,,,
,,,NONE : JJS,9,3.51E-05,,,,,,,,,,,,,
,,,NONE : MD,2,7.79E-06,,,,,,,,,,,,,
,,,NONE : NN,283,0.001102338,,,,,,,,,,,,,
,,,NONE : NNP,3134,0.01220752,,,,,,,,,,,,,
,,,NONE : NNPS,13,5.06E-05,,,,,,,,,,,,,
,,,NONE : NNS,45,0.000175283,,,,,,,,,,,,,
,,,NONE : PRP,67,0.000260978,,,,,,,,,,,,,
,,,NONE : PRP$,2,7.79E-06,,,,,,,,,,,,,
,,,NONE : RB,33,0.000128541,,,,,,,,,,,,,
,,,NONE : RP,1,3.90E-06,,,,,,,,,,,,,
,,,NONE : TO,26,0.000101275,,,,,,,,,,,,,
,,,NONE : VBD,94,0.000366148,,,,,,,,,,,,,
,,,NONE : VBG,8,3.12E-05,,,,,,,,,,,,,
,,,NONE : VBN,9,3.51E-05,,,,,,,,,,,,,
,,,NONE : VBP,20,7.79E-05,,,,,,,,,,,,,
,,,NONE : VBZ,540,0.002103402,,,,,,,,,,,,,
,,,PDT : CD,1,3.90E-06,,,,,,,,,,,,,
,,,PDT : JJ,12,4.67E-05,,,,,,,,,,,,,
,,,PDT : NN,33,0.000128541,,,,,,,,,,,,,
,,,PDT : NNP,13,5.06E-05,,,,,,,,,,,,,
,,,PDT : NNS,8,3.12E-05,,,,,,,,,,,,,
,,,PDT : VBG,1,3.90E-06,,,,,,,,,,,,,
,,,POS : .,1,3.90E-06,,,,,,,,,,,,,
,,,POS : CC,17,6.62E-05,,,,,,,,,,,,,
,,,POS : CD,3,1.17E-05,,,,,,,,,,,,,
,,,POS : DT,10,3.90E-05,,,,,,,,,,,,,
,,,POS : FW,1,3.90E-06,,,,,,,,,,,,,
,,,POS : IN,52,0.00020255,,,,,,,,,,,,,
,,,POS : JJ,14,5.45E-05,,,,,,,,,,,,,
,,,POS : JJS,1,3.90E-06,,,,,,,,,,,,,
,,,POS : NN,75,0.000292139,,,,,,,,,,,,,
,,,POS : NNP,97,0.000377833,,,,,,,,,,,,,
,,,POS : NNPS,1,3.90E-06,,,,,,,,,,,,,
,,,POS : NNS,8,3.12E-05,,,,,,,,,,,,,
,,,POS : NONE,11,4.28E-05,,,,,,,,,,,,,
,,,POS : POS,2,7.79E-06,,,,,,,,,,,,,
,,,POS : PRP,10,3.90E-05,,,,,,,,,,,,,
,,,POS : RB,3,1.17E-05,,,,,,,,,,,,,
,,,POS : TO,11,4.28E-05,,,,,,,,,,,,,
,,,POS : VB,1,3.90E-06,,,,,,,,,,,,,
,,,POS : VBD,15,5.84E-05,,,,,,,,,,,,,
,,,POS : VBG,3,1.17E-05,,,,,,,,,,,,,
,,,POS : VBN,4,1.56E-05,,,,,,,,,,,,,
,,,POS : VBP,3,1.17E-05,,,,,,,,,,,,,
,,,POS : VBZ,11,4.28E-05,,,,,,,,,,,,,
,,,POS : WDT,3,1.17E-05,,,,,,,,,,,,,
,,,POS : WP,1,3.90E-06,,,,,,,,,,,,,
,,,POS : WP$,1,3.90E-06,,,,,,,,,,,,,
,,,POS : WRB,1,3.90E-06,,,,,,,,,,,,,
,,,PRP : $,2,7.79E-06,,,,,,,,,,,,,
,,,PRP : (,3,1.17E-05,,,,,,,,,,,,,
,,,"PRP : ,",2,7.79E-06,,,,,,,,,,,,,
,,,PRP : :,2,7.79E-06,,,,,,,,,,,,,
,,,PRP : CC,26,0.000101275,,,,,,,,,,,,,
,,,PRP : CD,157,0.000611545,,,,,,,,,,,,,
,,,PRP : DT,1140,0.004440515,,,,,,,,,,,,,
,,,PRP : IN,474,0.001846319,,,,,,,,,,,,,
,,,PRP : JJ,231,0.000899788,,,,,,,,,,,,,
,,,PRP : JJR,8,3.12E-05,,,,,,,,,,,,,
,,,PRP : JJS,15,5.84E-05,,,,,,,,,,,,,
,,,PRP : MD,4,1.56E-05,,,,,,,,,,,,,
,,,PRP : NN,258,0.001004959,,,,,,,,,,,,,
,,,PRP : NNP,285,0.001110129,,,,,,,,,,,,,
,,,PRP : NNS,46,0.000179179,,,,,,,,,,,,,
,,,PRP : NONE,18,7.01E-05,,,,,,,,,,,,,
,,,PRP : PDT,3,1.17E-05,,,,,,,,,,,,,
,,,PRP : PRP,61,0.000237606,,,,,,,,,,,,,
,,,PRP : PRP$,116,0.000451842,,,,,,,,,,,,,
,,,PRP : RB,539,0.002099506,,,,,,,,,,,,,
,,,PRP : RBR,9,3.51E-05,,,,,,,,,,,,,
,,,PRP : RBS,5,1.95E-05,,,,,,,,,,,,,
,,,PRP : RP,19,7.40E-05,,,,,,,,,,,,,
,,,PRP : TO,116,0.000451842,,,,,,,,,,,,,
,,,PRP : VB,153,0.000595964,,,,,,,,,,,,,
,,,PRP : VBD,189,0.000736191,,,,,,,,,,,,,
,,,PRP : VBG,52,0.00020255,,,,,,,,,,,,,
,,,PRP : VBN,976,0.003801704,,,,,,,,,,,,,
,,,PRP : VBP,18,7.01E-05,,,,,,,,,,,,,
,,,PRP : VBZ,48,0.000186969,,,,,,,,,,,,,
,,,PRP : WDT,2,7.79E-06,,,,,,,,,,,,,
,,,PRP : WP,3,1.17E-05,,,,,,,,,,,,,
,,,PRP : WRB,3,1.17E-05,,,,,,,,,,,,,
,,,PRP$ : (,1,3.90E-06,,,,,,,,,,,,,
,,,"PRP$ : ,",2,7.79E-06,,,,,,,,,,,,,
,,,PRP$ : .,1,3.90E-06,,,,,,,,,,,,,
,,,PRP$ : CC,140,0.000545326,,,,,,,,,,,,,
,,,PRP$ : CD,11,4.28E-05,,,,,,,,,,,,,
,,,PRP$ : DT,74,0.000288244,,,,,,,,,,,,,
,,,PRP$ : EX,1,3.90E-06,,,,,,,,,,,,,
,,,PRP$ : IN,615,0.002395541,,,,,,,,,,,,,
,,,PRP$ : JJ,117,0.000455737,,,,,,,,,,,,,
,,,PRP$ : JJR,3,1.17E-05,,,,,,,,,,,,,
,,,PRP$ : JJS,1,3.90E-06,,,,,,,,,,,,,
,,,PRP$ : MD,10,3.90E-05,,,,,,,,,,,,,
,,,PRP$ : NN,769,0.0029954,,,,,,,,,,,,,
,,,PRP$ : NNP,401,0.00156197,,,,,,,,,,,,,
,,,PRP$ : NNPS,7,2.73E-05,,,,,,,,,,,,,
,,,PRP$ : NNS,133,0.00051806,,,,,,,,,,,,,
,,,PRP$ : NONE,90,0.000350567,,,,,,,,,,,,,
,,,PRP$ : POS,1,3.90E-06,,,,,,,,,,,,,
,,,PRP$ : PRP,106,0.00041289,,,,,,,,,,,,,
,,,PRP$ : PRP$,14,5.45E-05,,,,,,,,,,,,,
,,,PRP$ : RB,41,0.000159703,,,,,,,,,,,,,
,,,PRP$ : RP,1,3.90E-06,,,,,,,,,,,,,
,,,PRP$ : TO,119,0.000463527,,,,,,,,,,,,,
,,,PRP$ : VB,10,3.90E-05,,,,,,,,,,,,,
,,,PRP$ : VBD,210,0.00081799,,,,,,,,,,,,,
,,,PRP$ : VBG,25,9.74E-05,,,,,,,,,,,,,
,,,PRP$ : VBN,25,9.74E-05,,,,,,,,,,,,,
,,,PRP$ : VBP,46,0.000179179,,,,,,,,,,,,,
,,,PRP$ : VBZ,106,0.00041289,,,,,,,,,,,,,
,,,PRP$ : WDT,6,2.34E-05,,,,,,,,,,,,,
,,,PRP$ : WP,7,2.73E-05,,,,,,,,,,,,,
,,,PRP$ : WRB,9,3.51E-05,,,,,,,,,,,,,
,,,RB : (,2,7.79E-06,,,,,,,,,,,,,
,,,RB : ),2,7.79E-06,,,,,,,,,,,,,
,,,"RB : ,",2,7.79E-06,,,,,,,,,,,,,
,,,RB : .,2,7.79E-06,,,,,,,,,,,,,
,,,RB : :,1,3.90E-06,,,,,,,,,,,,,
,,,RB : CC,93,0.000362253,,,,,,,,,,,,,
,,,RB : CD,144,0.000560907,,,,,,,,,,,,,
,,,RB : DT,715,0.00278506,,,,,,,,,,,,,
,,,RB : EX,4,1.56E-05,,,,,,,,,,,,,
,,,RB : FW,3,1.17E-05,,,,,,,,,,,,,
,,,RB : IN,1504,0.005858363,,,,,,,,,,,,,
,,,RB : JJ,352,0.001371106,,,,,,,,,,,,,
,,,RB : JJR,11,4.28E-05,,,,,,,,,,,,,
,,,RB : JJS,19,7.40E-05,,,,,,,,,,,,,
,,,RB : MD,5,1.95E-05,,,,,,,,,,,,,
,,,RB : NN,532,0.00207224,,,,,,,,,,,,,
,,,RB : NNP,593,0.002309847,,,,,,,,,,,,,
,,,RB : NNPS,3,1.17E-05,,,,,,,,,,,,,
,,,RB : NNS,173,0.000673868,,,,,,,,,,,,,
,,,RB : NONE,49,0.000190864,,,,,,,,,,,,,
,,,RB : PRP,90,0.000350567,,,,,,,,,,,,,
,,,RB : PRP$,107,0.000416785,,,,,,,,,,,,,
,,,RB : RB,98,0.000381728,,,,,,,,,,,,,
,,,RB : RBR,5,1.95E-05,,,,,,,,,,,,,
,,,RB : RBS,7,2.73E-05,,,,,,,,,,,,,
,,,RB : RP,11,4.28E-05,,,,,,,,,,,,,
,,,RB : TO,295,0.001149081,,,,,,,,,,,,,
,,,RB : VB,93,0.000362253,,,,,,,,,,,,,
,,,RB : VBD,69,0.000268768,,,,,,,,,,,,,
,,,RB : VBG,43,0.000167493,,,,,,,,,,,,,
,,,RB : VBN,169,0.000658287,,,,,,,,,,,,,
,,,RB : VBP,13,5.06E-05,,,,,,,,,,,,,
,,,RB : VBZ,32,0.000124646,,,,,,,,,,,,,
,,,RB : WDT,8,3.12E-05,,,,,,,,,,,,,
,,,RB : WP,8,3.12E-05,,,,,,,,,,,,,
,,,RB : WRB,18,7.01E-05,,,,,,,,,,,,,
,,,RBR : CC,4,1.56E-05,,,,,,,,,,,,,
,,,RBR : CD,3,1.17E-05,,,,,,,,,,,,,
,,,RBR : DT,8,3.12E-05,,,,,,,,,,,,,
,,,RBR : IN,21,8.18E-05,,,,,,,,,,,,,
,,,RBR : JJ,7,2.73E-05,,,,,,,,,,,,,
,,,RBR : NN,15,5.84E-05,,,,,,,,,,,,,
,,,RBR : NNP,6,2.34E-05,,,,,,,,,,,,,
,,,RBR : NNS,7,2.73E-05,,,,,,,,,,,,,
,,,RBR : NONE,4,1.56E-05,,,,,,,,,,,,,
,,,RBR : PDT,2,7.79E-06,,,,,,,,,,,,,
,,,RBR : PRP,1,3.90E-06,,,,,,,,,,,,,
,,,RBR : PRP$,2,7.79E-06,,,,,,,,,,,,,
,,,RBR : RB,1,3.90E-06,,,,,,,,,,,,,
,,,RBR : RBR,2,7.79E-06,,,,,,,,,,,,,
,,,RBR : TO,2,7.79E-06,,,,,,,,,,,,,
,,,RBR : VB,1,3.90E-06,,,,,,,,,,,,,
,,,RBR : VBD,3,1.17E-05,,,,,,,,,,,,,
,,,RBR : VBN,9,3.51E-05,,,,,,,,,,,,,
,,,RBR : VBP,1,3.90E-06,,,,,,,,,,,,,
,,,RBR : VBZ,2,7.79E-06,,,,,,,,,,,,,
,,,RBS : CC,15,5.84E-05,,,,,,,,,,,,,
,,,RBS : DT,2,7.79E-06,,,,,,,,,,,,,
,,,RBS : IN,76,0.000296034,,,,,,,,,,,,,
,,,RBS : JJ,22,8.57E-05,,,,,,,,,,,,,
,,,RBS : NN,81,0.00031551,,,,,,,,,,,,,
,,,RBS : NNP,11,4.28E-05,,,,,,,,,,,,,
,,,RBS : NNPS,1,3.90E-06,,,,,,,,,,,,,
,,,RBS : NNS,36,0.000140227,,,,,,,,,,,,,
,,,RBS : TO,2,7.79E-06,,,,,,,,,,,,,
,,,RBS : VBD,3,1.17E-05,,,,,,,,,,,,,
,,,RBS : VBG,2,7.79E-06,,,,,,,,,,,,,
,,,RBS : VBN,8,3.12E-05,,,,,,,,,,,,,
,,,RBS : VBP,2,7.79E-06,,,,,,,,,,,,,
,,,RP : :,1,3.90E-06,,,,,,,,,,,,,
,,,RP : CC,5,1.95E-05,,,,,,,,,,,,,
,,,RP : CD,12,4.67E-05,,,,,,,,,,,,,
,,,RP : DT,26,0.000101275,,,,,,,,,,,,,
,,,RP : IN,15,5.84E-05,,,,,,,,,,,,,
,,,RP : JJ,28,0.000109065,,,,,,,,,,,,,
,,,RP : MD,2,7.79E-06,,,,,,,,,,,,,
,,,RP : NN,60,0.000233711,,,,,,,,,,,,,
,,,RP : NNP,28,0.000109065,,,,,,,,,,,,,
,,,RP : NNPS,1,3.90E-06,,,,,,,,,,,,,
,,,RP : NNS,15,5.84E-05,,,,,,,,,,,,,
,,,RP : NONE,2,7.79E-06,,,,,,,,,,,,,
,,,RP : PRP,2,7.79E-06,,,,,,,,,,,,,
,,,RP : PRP$,4,1.56E-05,,,,,,,,,,,,,
,,,RP : RB,1,3.90E-06,,,,,,,,,,,,,
,,,RP : TO,2,7.79E-06,,,,,,,,,,,,,
,,,RP : VB,13,5.06E-05,,,,,,,,,,,,,
,,,RP : VBD,2,7.79E-06,,,,,,,,,,,,,
,,,RP : VBG,1,3.90E-06,,,,,,,,,,,,,
,,,RP : VBN,3,1.17E-05,,,,,,,,,,,,,
,,,RP : VBP,1,3.90E-06,,,,,,,,,,,,,
,,,RP : WDT,1,3.90E-06,,,,,,,,,,,,,
,,,RP : WRB,4,1.56E-05,,,,,,,,,,,,,
,,,SYM : :,1,3.90E-06,,,,,,,,,,,,,
,,,SYM : JJ,1,3.90E-06,,,,,,,,,,,,,
,,,SYM : NN,3,1.17E-05,,,,,,,,,,,,,
,,,SYM : NNP,2,7.79E-06,,,,,,,,,,,,,
,,,TO : (,1,3.90E-06,,,,,,,,,,,,,
,,,TO : ),1,3.90E-06,,,,,,,,,,,,,
,,,"TO : ,",1,3.90E-06,,,,,,,,,,,,,
,,,TO : .,1,3.90E-06,,,,,,,,,,,,,
,,,TO : CC,132,0.000514165,,,,,,,,,,,,,
,,,TO : CD,119,0.000463527,,,,,,,,,,,,,
,,,TO : DT,486,0.001893062,,,,,,,,,,,,,
,,,TO : FW,1,3.90E-06,,,,,,,,,,,,,
,,,TO : IN,392,0.001526914,,,,,,,,,,,,,
,,,TO : JJ,385,0.001499647,,,,,,,,,,,,,
,,,TO : JJR,15,5.84E-05,,,,,,,,,,,,,
,,,TO : JJS,13,5.06E-05,,,,,,,,,,,,,
,,,TO : MD,3,1.17E-05,,,,,,,,,,,,,
,,,TO : NN,749,0.002917496,,,,,,,,,,,,,
,,,TO : NNP,589,0.002294266,,,,,,,,,,,,,
,,,TO : NNPS,10,3.90E-05,,,,,,,,,,,,,
,,,TO : NNS,157,0.000611545,,,,,,,,,,,,,
,,,TO : NONE,96,0.000373938,,,,,,,,,,,,,
,,,TO : PDT,12,4.67E-05,,,,,,,,,,,,,
,,,TO : PRP,134,0.000521955,,,,,,,,,,,,,
,,,TO : PRP$,70,0.000272663,,,,,,,,,,,,,
,,,TO : RB,62,0.000241502,,,,,,,,,,,,,
,,,TO : RBR,2,7.79E-06,,,,,,,,,,,,,
,,,TO : RBS,2,7.79E-06,,,,,,,,,,,,,
,,,TO : RP,30,0.000116856,,,,,,,,,,,,,
,,,TO : TO,54,0.00021034,,,,,,,,,,,,,
,,,TO : VB,38,0.000148017,,,,,,,,,,,,,
,,,TO : VBD,15,5.84E-05,,,,,,,,,,,,,
,,,TO : VBG,30,0.000116856,,,,,,,,,,,,,
,,,TO : VBN,158,0.00061544,,,,,,,,,,,,,
,,,TO : VBP,1,3.90E-06,,,,,,,,,,,,,
,,,TO : VBZ,10,3.90E-05,,,,,,,,,,,,,
,,,TO : WDT,8,3.12E-05,,,,,,,,,,,,,
,,,TO : WP,7,2.73E-05,,,,,,,,,,,,,
,,,TO : WRB,15,5.84E-05,,,,,,,,,,,,,
,,,VB : $,1,3.90E-06,,,,,,,,,,,,,
,,,VB : (,3,1.17E-05,,,,,,,,,,,,,
,,,VB : ),1,3.90E-06,,,,,,,,,,,,,
,,,"VB : ,",1,3.90E-06,,,,,,,,,,,,,
,,,VB : :,2,7.79E-06,,,,,,,,,,,,,
,,,VB : CC,67,0.000260978,,,,,,,,,,,,,
,,,VB : CD,45,0.000175283,,,,,,,,,,,,,
,,,VB : DT,266,0.00103612,,,,,,,,,,,,,
,,,VB : EX,3,1.17E-05,,,,,,,,,,,,,
,,,VB : FW,1,3.90E-06,,,,,,,,,,,,,
,,,VB : IN,348,0.001355526,,,,,,,,,,,,,
,,,VB : JJ,299,0.001164661,,,,,,,,,,,,,
,,,VB : JJR,13,5.06E-05,,,,,,,,,,,,,
,,,VB : JJS,6,2.34E-05,,,,,,,,,,,,,
,,,VB : MD,4,1.56E-05,,,,,,,,,,,,,
,,,VB : NN,542,0.002111192,,,,,,,,,,,,,
,,,VB : NNP,291,0.0011335,,,,,,,,,,,,,
,,,VB : NNPS,8,3.12E-05,,,,,,,,,,,,,
,,,VB : NNS,168,0.000654392,,,,,,,,,,,,,
,,,VB : NONE,74,0.000288244,,,,,,,,,,,,,
,,,VB : PDT,4,1.56E-05,,,,,,,,,,,,,
,,,VB : PRP,46,0.000179179,,,,,,,,,,,,,
,,,VB : PRP$,30,0.000116856,,,,,,,,,,,,,
,,,VB : RB,45,0.000175283,,,,,,,,,,,,,
,,,VB : RBR,1,3.90E-06,,,,,,,,,,,,,
,,,VB : RBS,6,2.34E-05,,,,,,,,,,,,,
,,,VB : RP,5,1.95E-05,,,,,,,,,,,,,
,,,VB : TO,74,0.000288244,,,,,,,,,,,,,
,,,VB : VB,87,0.000338881,,,,,,,,,,,,,
,,,VB : VBD,48,0.000186969,,,,,,,,,,,,,
,,,VB : VBG,33,0.000128541,,,,,,,,,,,,,
,,,VB : VBN,50,0.000194759,,,,,,,,,,,,,
,,,VB : VBP,7,2.73E-05,,,,,,,,,,,,,
,,,VB : VBZ,38,0.000148017,,,,,,,,,,,,,
,,,VB : WDT,12,4.67E-05,,,,,,,,,,,,,
,,,VB : WP,5,1.95E-05,,,,,,,,,,,,,
,,,VB : WRB,9,3.51E-05,,,,,,,,,,,,,
,,,VBD : $,2,7.79E-06,,,,,,,,,,,,,
,,,VBD : (,3,1.17E-05,,,,,,,,,,,,,
,,,VBD : ),1,3.90E-06,,,,,,,,,,,,,
,,,"VBD : ,",1,3.90E-06,,,,,,,,,,,,,
,,,VBD : .,2,7.79E-06,,,,,,,,,,,,,
,,,VBD : :,2,7.79E-06,,,,,,,,,,,,,
,,,VBD : CC,173,0.000673868,,,,,,,,,,,,,
,,,VBD : CD,435,0.001694407,,,,,,,,,,,,,
,,,VBD : DT,868,0.003381023,,,,,,,,,,,,,
,,,VBD : EX,2,7.79E-06,,,,,,,,,,,,,
,,,VBD : FW,1,3.90E-06,,,,,,,,,,,,,
,,,VBD : IN,2263,0.008814811,,,,,,,,,,,,,
,,,VBD : JJ,1959,0.007630674,,,,,,,,,,,,,
,,,VBD : JJR,19,7.40E-05,,,,,,,,,,,,,
,,,VBD : JJS,67,0.000260978,,,,,,,,,,,,,
,,,VBD : MD,27,0.00010517,,,,,,,,,,,,,
,,,VBD : NN,2101,0.008183791,,,,,,,,,,,,,
,,,VBD : NNP,1798,0.007003549,,,,,,,,,,,,,
,,,VBD : NNPS,20,7.79E-05,,,,,,,,,,,,,
,,,VBD : NNS,323,0.001258146,,,,,,,,,,,,,
,,,VBD : NONE,61,0.000237606,,,,,,,,,,,,,
,,,VBD : PDT,1,3.90E-06,,,,,,,,,,,,,
,,,VBD : POS,1,3.90E-06,,,,,,,,,,,,,
,,,VBD : PRP,73,0.000284349,,,,,,,,,,,,,
,,,VBD : PRP$,109,0.000424576,,,,,,,,,,,,,
,,,VBD : RB,172,0.000669972,,,,,,,,,,,,,
,,,VBD : RBR,9,3.51E-05,,,,,,,,,,,,,
,,,VBD : RBS,5,1.95E-05,,,,,,,,,,,,,
,,,VBD : RP,24,9.35E-05,,,,,,,,,,,,,
,,,VBD : TO,318,0.00123867,,,,,,,,,,,,,
,,,VBD : VB,310,0.001207508,,,,,,,,,,,,,
,,,VBD : VBD,153,0.000595964,,,,,,,,,,,,,
,,,VBD : VBG,77,0.000299929,,,,,,,,,,,,,
,,,VBD : VBN,365,0.001421744,,,,,,,,,,,,,
,,,VBD : VBP,4,1.56E-05,,,,,,,,,,,,,
,,,VBD : VBZ,30,0.000116856,,,,,,,,,,,,,
,,,VBD : WDT,2,7.79E-06,,,,,,,,,,,,,
,,,VBD : WP,10,3.90E-05,,,,,,,,,,,,,
,,,VBD : WP$,2,7.79E-06,,,,,,,,,,,,,
,,,VBD : WRB,14,5.45E-05,,,,,,,,,,,,,
,,,VBG : '',1,3.90E-06,,,,,,,,,,,,,
,,,VBG : (,1,3.90E-06,,,,,,,,,,,,,
,,,"VBG : ,",1,3.90E-06,,,,,,,,,,,,,
,,,VBG : .,2,7.79E-06,,,,,,,,,,,,,
,,,VBG : CC,67,0.000260978,,,,,,,,,,,,,
,,,VBG : CD,78,0.000303825,,,,,,,,,,,,,
,,,VBG : DT,360,0.001402268,,,,,,,,,,,,,
,,,VBG : EX,2,7.79E-06,,,,,,,,,,,,,
,,,VBG : FW,1,3.90E-06,,,,,,,,,,,,,
,,,VBG : IN,344,0.001339945,,,,,,,,,,,,,
,,,VBG : JJ,263,0.001024435,,,,,,,,,,,,,
,,,VBG : JJR,3,1.17E-05,,,,,,,,,,,,,
,,,VBG : JJS,9,3.51E-05,,,,,,,,,,,,,
,,,VBG : MD,4,1.56E-05,,,,,,,,,,,,,
,,,VBG : NN,517,0.002013812,,,,,,,,,,,,,
,,,VBG : NNP,388,0.001511333,,,,,,,,,,,,,
,,,VBG : NNPS,11,4.28E-05,,,,,,,,,,,,,
,,,VBG : NNS,148,0.000576488,,,,,,,,,,,,,
,,,VBG : NONE,20,7.79E-05,,,,,,,,,,,,,
,,,VBG : PDT,2,7.79E-06,,,,,,,,,,,,,
,,,VBG : PRP,29,0.00011296,,,,,,,,,,,,,
,,,VBG : PRP$,35,0.000136332,,,,,,,,,,,,,
,,,VBG : RB,24,9.35E-05,,,,,,,,,,,,,
,,,VBG : RBR,3,1.17E-05,,,,,,,,,,,,,
,,,VBG : RBS,6,2.34E-05,,,,,,,,,,,,,
,,,VBG : TO,66,0.000257082,,,,,,,,,,,,,
,,,VBG : VB,68,0.000264873,,,,,,,,,,,,,
,,,VBG : VBD,28,0.000109065,,,,,,,,,,,,,
,,,VBG : VBG,32,0.000124646,,,,,,,,,,,,,
,,,VBG : VBN,32,0.000124646,,,,,,,,,,,,,
,,,VBG : VBP,8,3.12E-05,,,,,,,,,,,,,
,,,VBG : VBZ,20,7.79E-05,,,,,,,,,,,,,
,,,VBG : WDT,8,3.12E-05,,,,,,,,,,,,,
,,,VBG : WP,3,1.17E-05,,,,,,,,,,,,,
,,,VBG : WP$,1,3.90E-06,,,,,,,,,,,,,
,,,VBG : WRB,5,1.95E-05,,,,,,,,,,,,,
,,,VBN : (,1,3.90E-06,,,,,,,,,,,,,
,,,"VBN : ,",3,1.17E-05,,,,,,,,,,,,,
,,,VBN : .,3,1.17E-05,,,,,,,,,,,,,
,,,VBN : :,1,3.90E-06,,,,,,,,,,,,,
,,,VBN : CC,77,0.000299929,,,,,,,,,,,,,
,,,VBN : CD,510,0.001986546,,,,,,,,,,,,,
,,,VBN : DT,1899,0.007396963,,,,,,,,,,,,,
,,,VBN : EX,1,3.90E-06,,,,,,,,,,,,,
,,,VBN : IN,679,0.002644833,,,,,,,,,,,,,
,,,VBN : JJ,473,0.001842424,,,,,,,,,,,,,
,,,VBN : JJR,11,4.28E-05,,,,,,,,,,,,,
,,,VBN : JJS,14,5.45E-05,,,,,,,,,,,,,
,,,VBN : MD,3,1.17E-05,,,,,,,,,,,,,
,,,VBN : NN,545,0.002122878,,,,,,,,,,,,,
,,,VBN : NNP,1686,0.006567287,,,,,,,,,,,,,
,,,VBN : NNPS,6,2.34E-05,,,,,,,,,,,,,
,,,VBN : NNS,208,0.000810199,,,,,,,,,,,,,
,,,VBN : NONE,31,0.000120751,,,,,,,,,,,,,
,,,VBN : PDT,1,3.90E-06,,,,,,,,,,,,,
,,,VBN : POS,1,3.90E-06,,,,,,,,,,,,,
,,,VBN : PRP,61,0.000237606,,,,,,,,,,,,,
,,,VBN : PRP$,288,0.001121814,,,,,,,,,,,,,
,,,VBN : RB,75,0.000292139,,,,,,,,,,,,,
,,,VBN : RBR,3,1.17E-05,,,,,,,,,,,,,
,,,VBN : RP,2,7.79E-06,,,,,,,,,,,,,
,,,VBN : TO,96,0.000373938,,,,,,,,,,,,,
,,,VBN : VB,249,0.000969902,,,,,,,,,,,,,
,,,VBN : VBD,16,6.23E-05,,,,,,,,,,,,,
,,,VBN : VBG,130,0.000506374,,,,,,,,,,,,,
,,,VBN : VBN,96,0.000373938,,,,,,,,,,,,,
,,,VBN : VBP,7,2.73E-05,,,,,,,,,,,,,
,,,VBN : VBZ,18,7.01E-05,,,,,,,,,,,,,
,,,VBN : WDT,7,2.73E-05,,,,,,,,,,,,,
,,,VBN : WP,8,3.12E-05,,,,,,,,,,,,,
,,,VBN : WRB,5,1.95E-05,,,,,,,,,,,,,
,,,VBP : $,6,2.34E-05,,,,,,,,,,,,,
,,,"VBP : ,",1,3.90E-06,,,,,,,,,,,,,
,,,VBP : .,1,3.90E-06,,,,,,,,,,,,,
,,,VBP : :,1,3.90E-06,,,,,,,,,,,,,
,,,VBP : CC,28,0.000109065,,,,,,,,,,,,,
,,,VBP : CD,67,0.000260978,,,,,,,,,,,,,
,,,VBP : DT,169,0.000658287,,,,,,,,,,,,,
,,,VBP : FW,1,3.90E-06,,,,,,,,,,,,,
,,,VBP : IN,241,0.00093874,,,,,,,,,,,,,
,,,VBP : JJ,185,0.00072061,,,,,,,,,,,,,
,,,VBP : JJR,11,4.28E-05,,,,,,,,,,,,,
,,,VBP : MD,2,7.79E-06,,,,,,,,,,,,,
,,,VBP : NN,241,0.00093874,,,,,,,,,,,,,
,,,VBP : NNP,203,0.000790723,,,,,,,,,,,,,
,,,VBP : NNPS,3,1.17E-05,,,,,,,,,,,,,
,,,VBP : NNS,87,0.000338881,,,,,,,,,,,,,
,,,VBP : NONE,15,5.84E-05,,,,,,,,,,,,,
,,,VBP : PDT,1,3.90E-06,,,,,,,,,,,,,
,,,VBP : PRP,29,0.00011296,,,,,,,,,,,,,
,,,VBP : PRP$,11,4.28E-05,,,,,,,,,,,,,
,,,VBP : RB,47,0.000183074,,,,,,,,,,,,,
,,,VBP : RBR,3,1.17E-05,,,,,,,,,,,,,
,,,VBP : RBS,3,1.17E-05,,,,,,,,,,,,,
,,,VBP : RP,6,2.34E-05,,,,,,,,,,,,,
,,,VBP : TO,60,0.000233711,,,,,,,,,,,,,
,,,VBP : VB,47,0.000183074,,,,,,,,,,,,,
,,,VBP : VBD,26,0.000101275,,,,,,,,,,,,,
,,,VBP : VBG,24,9.35E-05,,,,,,,,,,,,,
,,,VBP : VBN,126,0.000490794,,,,,,,,,,,,,
,,,VBP : VBP,22,8.57E-05,,,,,,,,,,,,,
,,,VBP : VBZ,22,8.57E-05,,,,,,,,,,,,,
,,,VBP : WDT,3,1.17E-05,,,,,,,,,,,,,
,,,VBP : WP,3,1.17E-05,,,,,,,,,,,,,
,,,VBP : WRB,6,2.34E-05,,,,,,,,,,,,,
,,,VBZ : $,1,3.90E-06,,,,,,,,,,,,,
,,,VBZ : (,1,3.90E-06,,,,,,,,,,,,,
,,,VBZ : ),1,3.90E-06,,,,,,,,,,,,,
,,,"VBZ : ,",1,3.90E-06,,,,,,,,,,,,,
,,,VBZ : .,1,3.90E-06,,,,,,,,,,,,,
,,,VBZ : :,2,7.79E-06,,,,,,,,,,,,,
,,,VBZ : CC,57,0.000222026,,,,,,,,,,,,,
,,,VBZ : CD,223,0.000868627,,,,,,,,,,,,,
,,,VBZ : DT,502,0.001955385,,,,,,,,,,,,,
,,,VBZ : EX,1,3.90E-06,,,,,,,,,,,,,
,,,VBZ : FW,2,7.79E-06,,,,,,,,,,,,,
,,,VBZ : IN,1162,0.004526209,,,,,,,,,,,,,
,,,VBZ : JJ,1559,0.006072599,,,,,,,,,,,,,
,,,VBZ : JJR,23,8.96E-05,,,,,,,,,,,,,
,,,VBZ : JJS,89,0.000346672,,,,,,,,,,,,,
,,,VBZ : MD,5,1.95E-05,,,,,,,,,,,,,
,,,VBZ : NN,1958,0.007626779,,,,,,,,,,,,,
,,,VBZ : NNP,470,0.001830738,,,,,,,,,,,,,
,,,VBZ : NNPS,8,3.12E-05,,,,,,,,,,,,,
,,,VBZ : NNS,119,0.000463527,,,,,,,,,,,,,
,,,VBZ : NONE,23,8.96E-05,,,,,,,,,,,,,
,,,VBZ : PDT,1,3.90E-06,,,,,,,,,,,,,
,,,VBZ : PRP,39,0.000151912,,,,,,,,,,,,,
,,,VBZ : PRP$,34,0.000132436,,,,,,,,,,,,,
,,,VBZ : RB,138,0.000537536,,,,,,,,,,,,,
,,,VBZ : RBR,6,2.34E-05,,,,,,,,,,,,,
,,,VBZ : RBS,25,9.74E-05,,,,,,,,,,,,,
,,,VBZ : RP,8,3.12E-05,,,,,,,,,,,,,
,,,VBZ : TO,164,0.000638811,,,,,,,,,,,,,
,,,VBZ : VB,75,0.000292139,,,,,,,,,,,,,
,,,VBZ : VBD,26,0.000101275,,,,,,,,,,,,,
,,,VBZ : VBG,45,0.000175283,,,,,,,,,,,,,
,,,VBZ : VBN,470,0.001830738,,,,,,,,,,,,,
,,,VBZ : VBP,2,7.79E-06,,,,,,,,,,,,,
,,,VBZ : VBZ,23,8.96E-05,,,,,,,,,,,,,
,,,VBZ : WDT,4,1.56E-05,,,,,,,,,,,,,
,,,VBZ : WP,6,2.34E-05,,,,,,,,,,,,,
,,,VBZ : WRB,5,1.95E-05,,,,,,,,,,,,,
,,,WDT : CC,8,3.12E-05,,,,,,,,,,,,,
,,,WDT : CD,17,6.62E-05,,,,,,,,,,,,,
,,,WDT : DT,180,0.000701134,,,,,,,,,,,,,
,,,WDT : EX,1,3.90E-06,,,,,,,,,,,,,
,,,WDT : IN,170,0.000662182,,,,,,,,,,,,,
,,,WDT : JJ,51,0.000198655,,,,,,,,,,,,,
,,,WDT : JJR,2,7.79E-06,,,,,,,,,,,,,
,,,WDT : JJS,1,3.90E-06,,,,,,,,,,,,,
,,,WDT : MD,7,2.73E-05,,,,,,,,,,,,,
,,,WDT : NN,81,0.00031551,,,,,,,,,,,,,
,,,WDT : NNP,56,0.000218131,,,,,,,,,,,,,
,,,WDT : NNPS,1,3.90E-06,,,,,,,,,,,,,
,,,WDT : NNS,39,0.000151912,,,,,,,,,,,,,
,,,WDT : NONE,1,3.90E-06,,,,,,,,,,,,,
,,,WDT : PDT,1,3.90E-06,,,,,,,,,,,,,
,,,WDT : PRP,27,0.00010517,,,,,,,,,,,,,
,,,WDT : PRP$,7,2.73E-05,,,,,,,,,,,,,
,,,WDT : RB,77,0.000299929,,,,,,,,,,,,,
,,,WDT : RBR,4,1.56E-05,,,,,,,,,,,,,
,,,WDT : RP,8,3.12E-05,,,,,,,,,,,,,
,,,WDT : TO,22,8.57E-05,,,,,,,,,,,,,
,,,WDT : VB,39,0.000151912,,,,,,,,,,,,,
,,,WDT : VBD,121,0.000471318,,,,,,,,,,,,,
,,,WDT : VBG,5,1.95E-05,,,,,,,,,,,,,
,,,WDT : VBN,182,0.000708924,,,,,,,,,,,,,
,,,WDT : VBP,11,4.28E-05,,,,,,,,,,,,,
,,,WDT : VBZ,35,0.000136332,,,,,,,,,,,,,
,,,WDT : WRB,3,1.17E-05,,,,,,,,,,,,,
,,,WP : :,2,7.79E-06,,,,,,,,,,,,,
,,,WP : CC,10,3.90E-05,,,,,,,,,,,,,
,,,WP : CD,21,8.18E-05,,,,,,,,,,,,,
,,,WP : DT,142,0.000553117,,,,,,,,,,,,,
,,,WP : FW,1,3.90E-06,,,,,,,,,,,,,
,,,WP : IN,154,0.000599859,,,,,,,,,,,,,
,,,WP : JJ,29,0.00011296,,,,,,,,,,,,,
,,,WP : JJR,1,3.90E-06,,,,,,,,,,,,,
,,,WP : JJS,2,7.79E-06,,,,,,,,,,,,,
,,,WP : MD,3,1.17E-05,,,,,,,,,,,,,
,,,WP : NN,36,0.000140227,,,,,,,,,,,,,
,,,WP : NNP,67,0.000260978,,,,,,,,,,,,,
,,,WP : NNPS,1,3.90E-06,,,,,,,,,,,,,
,,,WP : NNS,12,4.67E-05,,,,,,,,,,,,,
,,,WP : PRP,22,8.57E-05,,,,,,,,,,,,,
,,,WP : PRP$,13,5.06E-05,,,,,,,,,,,,,
,,,WP : RB,79,0.00030772,,,,,,,,,,,,,
,,,WP : RBS,4,1.56E-05,,,,,,,,,,,,,
,,,WP : RP,8,3.12E-05,,,,,,,,,,,,,
,,,WP : TO,38,0.000148017,,,,,,,,,,,,,
,,,WP : VB,28,0.000109065,,,,,,,,,,,,,
,,,WP : VBD,60,0.000233711,,,,,,,,,,,,,
,,,WP : VBG,9,3.51E-05,,,,,,,,,,,,,
,,,WP : VBN,91,0.000354462,,,,,,,,,,,,,
,,,WP : VBP,13,5.06E-05,,,,,,,,,,,,,
,,,WP : VBZ,15,5.84E-05,,,,,,,,,,,,,
,,,WP$ : CC,6,2.34E-05,,,,,,,,,,,,,
,,,WP$ : DT,1,3.90E-06,,,,,,,,,,,,,
,,,WP$ : IN,3,1.17E-05,,,,,,,,,,,,,
,,,WP$ : JJ,2,7.79E-06,,,,,,,,,,,,,
,,,WP$ : NN,8,3.12E-05,,,,,,,,,,,,,
,,,WP$ : NNP,4,1.56E-05,,,,,,,,,,,,,
,,,WP$ : NNS,8,3.12E-05,,,,,,,,,,,,,
,,,WP$ : PRP,3,1.17E-05,,,,,,,,,,,,,
,,,WP$ : RB,1,3.90E-06,,,,,,,,,,,,,
,,,WP$ : VBD,20,7.79E-05,,,,,,,,,,,,,
,,,WP$ : VBN,3,1.17E-05,,,,,,,,,,,,,
,,,WP$ : VBP,1,3.90E-06,,,,,,,,,,,,,
,,,WP$ : VBZ,19,7.40E-05,,,,,,,,,,,,,
,,,WRB : CC,4,1.56E-05,,,,,,,,,,,,,
,,,WRB : CD,3,1.17E-05,,,,,,,,,,,,,
,,,WRB : DT,5,1.95E-05,,,,,,,,,,,,,
,,,WRB : IN,9,3.51E-05,,,,,,,,,,,,,
,,,WRB : JJ,19,7.40E-05,,,,,,,,,,,,,
,,,WRB : JJS,1,3.90E-06,,,,,,,,,,,,,
,,,WRB : MD,3,1.17E-05,,,,,,,,,,,,,
,,,WRB : NN,58,0.000225921,,,,,,,,,,,,,
,,,WRB : NNP,36,0.000140227,,,,,,,,,,,,,
,,,WRB : NNPS,2,7.79E-06,,,,,,,,,,,,,
,,,WRB : NNS,27,0.00010517,,,,,,,,,,,,,
,,,WRB : NONE,2,7.79E-06,,,,,,,,,,,,,
,,,WRB : PRP,3,1.17E-05,,,,,,,,,,,,,
,,,WRB : RB,11,4.28E-05,,,,,,,,,,,,,
,,,WRB : TO,2,7.79E-06,,,,,,,,,,,,,
,,,WRB : VB,8,3.12E-05,,,,,,,,,,,,,
,,,WRB : VBD,173,0.000673868,,,,,,,,,,,,,
,,,WRB : VBG,2,7.79E-06,,,,,,,,,,,,,
,,,WRB : VBN,1,3.90E-06,,,,,,,,,,,,,
,,,WRB : VBP,12,4.67E-05,,,,,,,,,,,,,
,,,WRB : VBZ,25,9.74E-05,,,,,,,,,,,,,
